pubmed	doi	pmc	year	title
10	10:1371/journal.pone.0049198		1975	Digitoxin metabolism by rat liver microsomes.
10082069	10.2165/00002018-199920020-00002		1999	The medical dictionary for regulatory activities (MedDRA).
10094068	10.1136/jamia.1999.0060151	PMC61354		Units of measure in clinical information systems.
10592181	10.1093/nar/28.1.60	PMC102481	2000	EcoGene: a genome sequence database for Escherichia coli K-12.
10592232	10.1093/nar/28.1.225	PMC102408	2000	PRINTS-S: the database formerly known as PRINTS.
10592242	10.1093/nar/28.1.263	PMC102420	2000	The Pfam protein families database.
10592255	10.1093/nar/28.1.304	PMC102465	2000	The ENZYME database in 2000.
10720578	10.1101/gr.10.3.379	PMC311423	2000	HOBACGEN: database system for comparative genomics in bacteria.
10789815	10.2214/ajr.174.5.1741463		2000	Radiology lexicon.
10802651	10.1038/75556	PMC3037419	2000	Gene ontology: tool for the unification of biology. The Gene Ontology Consortium.
10871269	10.1093/bioinformatics/16.5.465		2000	BIND--a data specification for storing and describing biomolecular interactions, molecular complexes and pathways.
10961570	10.1016/s1386-5056(00)00062-9		2000	The use of a medical dictionary for regulatory activities terminology (MedDRA) in prescription-event monitoring in Japan (J-PEM).
11125056	10.1093/nar/29.1.82	PMC29781	2001	WormBase: network access to the genome and biology of Caenorhabditis elegans.
11125122	10.1093/nar/29.1.308	PMC29783	2001	dbSNP: the NCBI database of genetic variation.
11125133	10.1093/nar/29.1.346	PMC29816	2001	Collecting and harvesting biological data: the GPCRDB and NucleaRDB information systems.
11214783	10.1007/s002280000200		2000	Different versions of the anatomical therapeutic chemical classification system and the defined daily dose--are drug utilisation data comparable?
11697912	10.1006/jmbi.2001.5080		2001	Assignment of homology to genome sequences using a library of hidden Markov models that represent all proteins of known structure.
11752295	10.1093/nar/30.1.207	PMC99122	2002	Gene Expression Omnibus: NCBI gene expression and hybridization array data repository.
11752314	10.1093/nar/30.1.276	PMC99071	2002	The Pfam protein families database.
11908751	10.1038/sj.tpj.6500035		2001	Integrating genotype and phenotype information: an overview of the PharmGKB project. Pharmacogenetics Research Network and Knowledge Base.
12058481			2002	[LIPIDBANK for Web, the newly developed lipid database].
12424129	10.1093/bioinformatics/18.11.1542		2002	GeneCards 2002: towards a complete, object-oriented, human gene compendium.
12436968	10.1126/science.298.5597.1333b		2002	Nucleotide sequence database policies.
12444417	10.1007/s10142-002-0077-z		2002	TAIR: a resource for integrated Arabidopsis data.
12463886		PMC2244318	2002	A semantic normal form for clinical drugs in the UMLS: early experiences with the VANDF.
12478304	10.1038/nature01307		2002	The Molecule Pages database.
12519949	10.1093/nar/gkg091	PMC165538	2003	ArrayExpress--a public repository for microarray gene expression data at the EBI.
12519969	10.1093/nar/gkg125	PMC165572	2003	ASAP, a systematic annotation package for community analysis of genomes.
12519993	10.1093/nar/gkg056	PMC165503	2003	BIND: the Biomolecular Interaction Network Database.
12519999	10.1093/nar/gkg043	PMC165490	2003	ALFRED: the ALelle FREquency Database. Update.
12584128	10.1093/bioinformatics/btf860		2003	The Database of Quantitative Cellular Signaling: management and analysis of chemical kinetic models of signaling networks.
12867945	10.1038/424242b		2003	Ants join online colony to boost conservation efforts.
13982385		PMC197951	1963	Medical subject headings.
14634627	10.1038/nsb1203-980		2003	Announcing the worldwide Protein Data Bank.
14681355	10.1093/nar/gkh084	PMC308818	2004	ACLAME: a CLAssification of Mobile genetic Elements.
14681370	10.1093/nar/gkh023	PMC308757	2004	The microRNA Registry.
14681371	10.1093/nar/gkh097	PMC308831	2004	PIRSF: family classification system at the Protein Information Resource.
14681372	10.1093/nar/gkh131	PMC308865	2004	UniProt: the Universal Protein knowledgebase.
14681376	10.1093/nar/gkh028	PMC308762	2004	The Catalytic Site Atlas: a resource of catalytic sites and residues identified in enzymes using structural data.
14681378	10.1093/nar/gkh121	PMC308855	2004	The Pfam protein families database.
14681407	10.1093/nar/gkh036	PMC308770	2004	The Gene Ontology (GO) database and informatics resource.
14681421	10.1093/nar/gkh033	PMC308767	2004	Saccharomyces Genome Database (SGD) provides tools to identify and analyze sequences from Saccharomyces cerevisiae and related sequences from other organisms.
14681429	10.1093/nar/gkh007	PMC308742	2004	GeneDB: a resource for prokaryotic and eukaryotic organisms.
14681450	10.1093/nar/gkh081	PMC308815	2004	BRENDA, the enzyme database: updates and major new developments.
14681454	10.1093/nar/gkh086	PMC308820	2004	The Database of Interacting Proteins: 2004 update.
14681455	10.1093/nar/gkh052	PMC308786	2004	IntAct: an open source molecular interaction database.
14681467	10.1093/nar/gkh035	PMC308769	2004	HUGE: a database for human KIAA proteins, a 2004 update integrating HUGEppi and ROUGE.
14728237		PMC1480331	2003	Adequacy of representation of the National Drug File Reference Terminology Physiologic Effects reference hierarchy for commonly prescribed medications.
14755292	10.1038/nbt926		2004	The HUPO PSI's molecular interaction format--a community standard for the representation of protein interaction data.
14759820	10.1016/j.jbi.2003.11.007		2003	A reference ontology for biomedical informatics: the Foundational Model of Anatomy.
14992503	10.1142/9789812704856_0019		2004	An evidence ontology for use in pathway/genome databases.
15055399	10.1385/ni:1:1:135	PMC3728921	2003	ModelDB: making models publicly accessible to support computational neuroscience.
15059838	10.1093/bioinformatics/bth214		2004	Ligand Depot: a data warehouse for ligands bound to macromolecules.
15072998	10.1093/bioinformatics/bth200		2004	Web-based kinetic modelling using JWS Online.
15174124	10.1002/pmic.200300764		2004	Annotation of post-translational modifications in the Swiss-Prot knowledge base.
15238527	10.1534/genetics.104.026427	PMC1470905	2004	The BDGP gene disruption project: single transposon insertions associated with 40% of Drosophila genes.
15310560	10.1093/bioinformatics/bth476		2004	DisProt: a database of protein disorder.
15360769	10.3233/978-1-60750-949-3-33		2004	NCI Thesaurus: using science-based terminology to integrate cancer research results.
15608177	10.1093/nar/gki106	PMC540060	2005	InterPro, progress and status in 2005.
15608179	10.1093/nar/gki034	PMC539988	2005	The ProDom database of protein domain families: more emphasis on 3D.
15608209	10.1093/nar/gki028	PMC539982	2005	EchoBASE: an integrated post-genomic database for Escherichia coli.
15608216	10.1093/nar/gki003	PMC539957	2005	The Candida Genome Database (CGD), a community resource for Candida albicans gene and protein information.
15608231	10.1093/nar/gki072	PMC540026	2005	Reactome: a knowledgebase of biological pathways.
15608240	10.1093/nar/gki113	PMC540067	2005	The Mouse Genome Database (MGD): from genes to mice--a community resource for mouse biology.
15608251	10.1093/nar/gki033	PMC539987	2005	Online Mendelian Inheritance in Man (OMIM), a knowledgebase of human genes and genetic disorders.
15608257	10.1093/nar/gki031	PMC539985	2005	Entrez Gene: gene-centered information at NCBI.
15608278	10.1093/nar/gki127	PMC540081	2005	ASRP: the Arabidopsis Small RNA Project Database.
15608279	10.1093/nar/gki115	PMC540069	2005	GeneFarm, structural and functional annotation of Arabidopsis gene and protein families by a network of experts.
15608286	10.1093/nar/gki088	PMC540042	2005	VBASE2, an integrative V gene database.
15642099	10.1186/gb-2004-6-1-r7	PMC549068	2004	The Mammalian Phenotype Ontology as a tool for annotating, analyzing and comparing phenotypic information.
15642100	10.1186/gb-2004-6-1-r8	PMC549069	2004	Using ontologies to describe mouse phenotypes.
15693950	10.1186/gb-2005-6-2-r21	PMC551541	2005	An ontology for cell types.
15713731	10.1093/bioinformatics/bti325		2005	Tree pattern matching in phylogenetic trees: automatic search for orthologs or paralogs in homologous gene sequence databases.
15722563	10.1194/jlr.e400004-jlr200		2005	A comprehensive classification system for lipids.
15774030	10.1186/gb-2005-6-3-r29	PMC1088948	2005	The Adult Mouse Anatomical Dictionary: a tool for annotating and integrating data.
15892872	10.1186/gb-2005-6-5-r44	PMC1175956	2005	The Sequence Ontology: a tool for the unification of genome annotations.
15892874	10.1186/gb-2005-6-5-r46	PMC1175958	2005	Relations in biomedical ontologies.
16014746	10.1093/glycob/cwj010		2005	KEGG as a glycome informatics resource.
16041671	10.1002/pmic.200401303		2005	PRIDE: the proteomics identifications database.
16100408	10.1385/1-59259-957-5:179		2005	PharmGKB: the pharmacogenetics and pharmacogenomics knowledge base.
16246909	10.1093/nar/gki892	PMC1266070	2005	Expansion of the BioCyc collection of pathway/genome databases to 160 genomes.
16381840	10.1093/nar/gkj158	PMC1347520	2006	Database resources of the National Center for Biotechnology Information.
16381841	10.1093/nar/gkj001	PMC1334385	2006	TCDB: the Transporter Classification Database for membrane transport protein analyses and information.
16381842	10.1093/nar/gkj161	PMC1347523	2006	The Universal Protein Resource (UniProt): an expanding universe of protein information.
16381852	10.1093/nar/gkj063	PMC1347426	2006	The PROSITE database.
16381877	10.1093/nar/gkj014	PMC1347377	2006	ISfinder: the reference centre for bacterial insertion sequences.
16381885	10.1093/nar/gkj102	PMC1347464	2006	From genomics to chemical genomics: new developments in KEGG.
16381899	10.1093/nar/gkj164	PMC1347526	2006	ASAP: a resource for annotating, curating, comparing, and disseminating genomic data.
16381902	10.1093/nar/gkj078	PMC1347441	2006	CryptoDB: a Cryptosporidium bioinformatics resource update.
16381917	10.1093/nar/gkj068	PMC1347431	2006	FlyBase: anatomical data, images and queries.
16381927	10.1093/nar/gkj109	PMC1347471	2006	BioGRID: a general repository for interaction datasets.
16381931	10.1093/nar/gkj133	PMC1347495	2006	Ensembl 2006.
16381947	10.1093/nar/gkj116	PMC1347478	2006	ABS: a database of Annotated regulatory Binding Sites from orthologous promoters.
16381952	10.1093/nar/gkj040	PMC1347403	2006	The PeptideAtlas project.
16381953	10.1093/nar/gkj138	PMC1347500	2006	PRIDE: a public repository of protein and peptide identifications for the proteomics community.
16381955	10.1093/nar/gkj067	PMC1347430	2006	DrugBank: a comprehensive resource for in silico drug discovery and exploration.
16381960	10.1093/nar/gkj092	PMC1347454	2006	BioModels Database: a free, centralized database of curated, published, quantitative kinetic models of biochemical and cellular systems.
16381979	10.1093/nar/gkj088	PMC1347451	2006	IMGT/LIGM-DB, the IMGT comprehensive database of immunoglobulin and T cell receptor nucleotide sequences.
16484377	10.1261/rna.2343206	PMC1421088	2006	The RNA Ontology Consortium: an open invitation to the RNA community.
16552417	10.1038/nrn1885		2006	Mobilizing the base of neuroscience data: the case of neuronal morphologies.
16672244	10.1110/ps.062185706	PMC2242553	2006	Functional annotation prediction: all for one and one for all.
16779026		PMC1560487	2005	Challenges in converting frame-based ontology into OWL: the Foundational Model of Anatomy case-study.
16820507	10.1128/aem.03006-05	PMC1489311	2006	Greengenes, a chimera-checked 16S rRNA gene database and workbench compatible with ARB.
16901231	10.1089/omi.2006.10.231	PMC3167193	2006	Taking the first steps towards a standard for reporting on phylogenies: Minimum Information About a Phylogenetic Analysis (MIAPA).
16925834	10.1186/gb-2006-7-s1-s12	PMC1810549	2006	AceView: a comprehensive cDNA-supported gene and transcripts annotation.
16980782	10.1097/00024665-200609000-00011			Standardized nursing language in the systematized nomenclature of medicine clinical terms: A cross-mapping validation method.
17082206	10.1093/nar/gkl774	PMC1634735	2006	MACiE (Mechanism, Annotation and Classification in Enzymes): novel tools for searching catalytic mechanisms.
17098933	10.1093/nar/gkl838	PMC1669719	2006	LMSD: LIPID MAPS structure database.
17118155	10.1186/1471-2202-7-s1-s11	PMC1775041	2006	Model storage, exchange and integration.
17130148	10.1093/nar/gkl842	PMC1716718	2006	NCBI reference sequences (RefSeq): a curated non-redundant sequence database of genomes, transcripts and proteins.
17135201	10.1093/nar/gkl952	PMC1751549	2006	MMDB: annotating protein sequences with Entrez's 3D-structure database.
17135203	10.1093/nar/gkl950	PMC1751541	2006	MINT: the Molecular INTeraction database.
17142225	10.1093/nar/gkl813	PMC1669773	2006	CutDB: a proteolytic event database.
17142229	10.1093/nar/gkl970	PMC1669729	2006	euHCVdb: the European hepatitis C virus database.
17145705	10.1093/nar/gkl999	PMC1751547	2006	BindingDB: a web-accessible database of experimentally determined protein-ligand binding affinities.
17145706	10.1093/nar/gkl976	PMC1751532	2006	The TIGR Rice Genome Annotation Resource: improvements and new features.
17145717	10.1093/nar/gkl893	PMC1751543	2006	DisProt: the Database of Disordered Proteins.
17148479	10.1093/nar/gkl913	PMC1897316	2006	EMBL Nucleotide Sequence Database in 2006.
17151068	10.1093/nar/gkl988	PMC1761441	2006	The Rat Genome Database, update 2007--easing the path from disease to data and back again.
17170002	10.1093/nar/gkl1031	PMC1781113	2006	Database resources of the National Center for Biotechnology Information.
17192785	10.1038/ng1934		2007	Systematic meta-analyses of Alzheimer disease genetic association studies: the AlzGene database.
17202161	10.1093/nar/gkl986	PMC1781245	2007	GenBank.
17202168	10.1093/nar/gkl923	PMC1899095	2007	HMDB: the Human Metabolome Database.
17202174	10.1093/nar/gkl1048	PMC1899092	2007	MaizeGDB's new data types, resources and activities.
17271570	10.1109/iembs.2004.1404513			The foundational model of anatomy: a template for the symbolic representation of multi-scale physiological functions.
17393720			2006	Allergome: a unifying platform.
17434469	10.1016/j.cellimm.2007.02.012		2007	Bioinformatics applied to allergy: allergen databases, from collecting sequence information to data integration. The Allergome platform as a model.
17599932	10.1093/bioinformatics/btm341		2007	ChemDB update--full-text search and virtual chemical space.
17822389			2007	Storing and annotating of kinetic data.
17893861	10.1002/pmic.200700286		2007	Submit your interaction data the IMEx way: a step by step guide to trouble-free deposition.
17932057	10.1093/nar/gkm791	PMC2238832	2007	ChEBI: a database and ontology for chemical entities of biological interest.
17933782	10.1093/nar/gkm846	PMC2238897	2007	The integrated microbial genomes (IMG) system in 2007: data content and analysis tool extensions.
17947324	10.1093/nar/gkm843	PMC2238881	2007	ChemBank: a small-molecule screening and cheminformatics resource database.
17962297	10.1093/nar/gkm899	PMC2238872	2007	PhylomeDB: a database for genome-wide collections of gene phylogenies.
17965093	10.1093/nar/gkm907	PMC2238911	2007	The Molecule Pages database.
17965094	10.1093/nar/gkm905	PMC2238987	2007	BioHealthBase: informatics support in the elucidation of influenza virus host pathogen interactions and virulence.
17984079	10.1093/nar/gkm957	PMC2238925	2007	BioMagResBank.
17991680	10.1093/nar/gkm956	PMC2238839		The Zebrafish Information Network: the zebrafish model organism database provides expanded support for genotypes and phenotypes.
17991683	10.1093/nar/gkm954	PMC2238837	2007	MEROPS: the peptidase database.
17992749	10.1142/9789812772435_0035		2007	An anatomical ontology for amphibians.
17998252	10.1093/nar/gkm998	PMC2238890	2007	AAindex: amino acid index database, progress report 2008.
17999994	10.1093/nar/gkm997	PMC2238918	2007	Update of ASRP: the Arabidopsis Small RNA Project database.
18033805	10.1093/nar/gkm1021	PMC2238846	2007	PRIDE: new developments and new datasets.
18047702	10.1186/1471-2105-8-s9-s1	PMC2217659	2007	Framework for a protein ontology.
18048412	10.1093/nar/gkm958	PMC2238889	2007	DrugBank: a knowledgebase for drugs, drug actions and drug targets.
18065428	10.1093/bioinformatics/btm596		2007	ConoServer, a database for conopeptide sequences and structures.
18078503	10.1186/1752-0509-1-58	PMC2259379	2007	MIRIAM Resources: tools to generate and resolve robust cross-references in Systems Biology.
18084021	10.1093/nar/gkm795	PMC2238848	2007	STITCH: interaction networks of chemicals and proteins.
18194960	10.1093/nar/gkm908	PMC2238838	2008	The Plant Ontology Database: a community resource for plant structure and developmental stages controlled vocabulary and annotations.
18237287	10.1111/j.1365-2583.2008.00781.x		2008	Anatomical ontologies of mosquitoes and ticks, and their web browsers in VectorBase.
18289391	10.1186/1471-2105-9-110	PMC2263022	2008	SPIKE--a database, visualization and analysis tool of cellular signaling pathways.
18359442	10.1016/j.jacr.2007.10.004		2008	CPT: an open system that describes all that you do.
18360535	10.1016/j.websem.2006.05.007	PMC2270940	2006	The foundational model of anatomy in OWL: Experience and perspectives.
18366659	10.1186/1471-2164-9-130	PMC2323390	2008	An anatomy ontology to represent biological knowledge in Dictyostelium discoideum.
18428683	10.1002/0471250953.bi1308s21		2008	Using the Proteomics Identifications Database (PRIDE).
18451766	10.1038/embor.2008.56	PMC2373374	2008	PeptideAtlas: a resource for target selection for emerging targeted proteomics workflows.
18556668	10.1093/bioinformatics/btn285	PMC2638870	2008	MPIDB: the microbial protein interaction database.
18613750	10.1371/journal.pbio.0060175	PMC2443188	2008	A gene wiki for community annotation of gene function.
18617148	10.1016/j.jprot.2008.02.005		2008	The World-2DPAGE Constellation to promote and publish gel-based proteomics data through the ExPASy server.
18628842	10.1002/cfg.154	PMC2447263	2002	The Plant Ontology Consortium and plant ontologies.
18629098	10.1002/cfg.248	PMC2447384	2003	Building a cell and anatomy ontology of Caenorhabditis elegans.
18629134	10.1002/cfg.434	PMC2447422	2004	The SOFG Anatomy Entry List (SAEL): an annotation tool for functional genomics data.
18629207	10.1002/cfg.496	PMC2447502	2005	Plant Ontology (PO): a Controlled Vocabulary of Plant Structures and Growth Stages.
18651794	10.1371/journal.pbio.0060184	PMC2475545	2008	WikiPathways: pathway editing for the people.
18669619	10.1074/mcp.r800013-mcp200		2008	A genecentric Human Protein Atlas for expression profiles based on antibodies.
18688235	10.1038/nbt0808-864		2008	The PSI-MOD community standard for representation of protein modification data.
18688289	10.1016/j.websem.2007.12.001	PMC2500209	2008	Translating the Foundational Model of Anatomy into OWL.
18769488	10.1155/2008/496957	PMC2518694	2008	MaizeGDB: The maize model organism database for basic, translational, and applied research.
18784790	10.1111/j.1471-8286.2007.01678.x	PMC1890991	2007	bold: The Barcode of Life Data System (http://www.barcodinglife.org).
18812395	10.1093/nar/gkn611	PMC2686513	2008	GabiPD: the GABI primary database--a plant integrative 'omics' database.
18817563	10.1186/1471-213x-8-92	PMC2561031	2008	An ontology for Xenopus anatomy and development.
18824479	10.1093/nar/gkn631	PMC2686445	2008	GiardiaDB and TrichDB: integrated genomic resources for the eukaryotic protist pathogens Giardia lamblia and Trichomonas vaginalis.
18832364	10.1093/nar/gkn653	PMC2686461	2008	PID: the Pathway Interaction Database.
18838391	10.1093/nar/gkn663	PMC2686590	2008	The Carbohydrate-Active EnZymes database (CAZy): an expert resource for Glycogenomics.
18842634	10.1093/nar/gkn683	PMC2686432	2008	PMAP: databases for analyzing proteolytic events and pathways.
18931379	10.1093/nar/gkn750	PMC2686475	2008	The SWISS-MODEL Repository and associated resources.
18940858	10.1093/nar/gkn760	PMC2686466	2008	STRING 8--a global view on proteins and their functional interactions in 630 organisms.
18940865	10.1093/nar/gkn734	PMC2686591	2008	The National Center for Biotechnology Information's Protein Clusters Database.
18950739	10.1016/j.ajhg.2008.09.017	PMC2668030	2008	The Human Phenotype Ontology: a tool for annotating and analyzing human hereditary disease.
18957442	10.1093/nar/gkn814	PMC2686598	2008	PlasmoDB: a functional genomic database for malaria parasites.
18957448	10.1093/nar/gkn803	PMC2686469	2008	The GOA database in 2009--an integrated Gene Ontology Annotation resource.
18975148	10.1007/s12021-008-9032-z	PMC2743139	2008	The NIFSTD and BIRNLex vocabularies: building comprehensive ontologies for neuroscience.
18984617	10.1093/nar/gkn820	PMC2686525	2008	BRENDA, AMENDA and FRENDA the enzyme information system: new content and tools in 2009.
18984618	10.1093/nar/gkn845	PMC2686570	2008	CDD: specific functional annotation with the Conserved Domain Database.
18988627	10.1093/nar/gkn892	PMC2686490	2008	Human Protein Reference Database--2009 update.
18998891		PMC2655997	2008	RxTerms - a drug interface terminology derived from RxNorm.
19022853	10.1093/nar/gkv1103	PMC2686586	2008	The Transporter Classification Database: recent advances.
19028744	10.1093/nar/gkn857	PMC2686483	2008	VectorBase: a data resource for invertebrate vector genomics.
19037750	10.1007/s10969-008-9048-5	PMC2704613	2008	The Protein Model Portal.
19058507			2008	[Orphanet and the Dutch Steering Committee Orphan Drugs. A European and Dutch databank of information on rare diseases].
19059335	10.1016/j.ygeno.2008.11.003		2008	ASTD: The Alternative Splicing and Transcript Diversity database.
19081735	10.1016/j.jvir.2008.10.022		2008	The IR RadLex project: an interventional radiology lexicon--a collaborative project of the Radiological Society of North America and the Society of Interventional Radiology.
19112168	10.1093/jxb/ern317		2008	PeroxiBase: a powerful tool to collect and analyse peroxidase sequences from Viridiplantae.
19147664	10.1093/bioinformatics/btp025	PMC2647840	2009	MatrixDB, a database focused on extracellular protein-protein and protein-carbohydrate interactions.
19344873	10.1016/j.ajhg.2009.03.010	PMC2667985	2009	DECIPHER: Database of Chromosomal Imbalance and Phenotype in Humans Using Ensembl Resources.
19478018	10.1093/bioinformatics/btp193	PMC2687947	2009	From disease ontology to disease-ontology lite: statistical methods to adapt a general-purpose ontology for the test of gene-ontology associations.
19480664	10.1186/gb-2009-10-5-r58	PMC2718524	2009	The Cell Cycle Ontology: an application ontology for the representation and integrated analysis of the cell cycle process.
19483092	10.1093/nar/gkp440	PMC2703982	2009	BioPortal: ontologies and integrated data resources at the click of a mouse.
19496059	10.1002/0471250953.bi1409s26		2009	ChEBI: an open bioinformatics and cheminformatics resource.
19498102	10.1101/gr.080531.108	PMC2704439	2009	The consensus coding sequence (CCDS) project: Identifying a common protein-coding gene set for the human and mouse genomes.
19534752	10.1186/1471-2105-10-s6-s3	PMC2697650	2009	Databases of homologous gene families for comparative genomics.
19547750	10.1371/journal.pntd.0000465	PMC2694272	2009	MIRO and IRbase: IT tools for the epidemiological monitoring of insecticide resistance in mosquito disease vectors.
19560008	10.1016/j.jvir.2009.04.031		2009	The IR Radlex Project: an interventional radiology lexicon--a collaborative project of the Radiological Society of North America and the Society of Interventional Radiology.
19594883	10.1186/1471-2164-10-s1-s6	PMC2709267	2009	Annotating the human genome with Disease Ontology.
19607656	10.1186/1471-2164-10-s2-s5	PMC2966335	2009	The Chicken Gene Nomenclature Committee report.
19671381	10.1007/s11882-009-0055-9		2009	Allergen databases: current status and perspectives.
19759275	10.1093/glycob/cwp137		2009	Glycome-DB.org: a portal for querying across the digital world of carbohydrate sequences.
19789731	10.3233/ao-2008-0051	PMC2753293	2008	Representing the NCI Thesaurus in OWL DL: Modeling tools help modeling languages.
19812726	10.4137/ebo.s2320	PMC2747124	2009	Initial implementation of a comparative data analysis ontology.
19820115	10.1093/nar/gkp807	PMC2808946	2009	BeetleBase in 2010: revisions to provide comprehensive genomic information for Tribolium castaneum.
19846593	10.1093/nar/gkp874	PMC2808884	2009	REBASE--a database for DNA restriction and modification: enzymes, genes and genomes.
19850722	10.1093/nar/gkp832	PMC2808878	2009	GeMInA, Genomic Metadata for Infectious Agents, a geospatial surveillance pathogen database.
19854944	10.1093/nar/gkp858	PMC2808896	2009	The NCBI BioSystems database.
19854951	10.1093/nar/gkp886	PMC2808869	2009	Chemical Entities of Biological Interest: an update.
19884130	10.1093/nar/gkp953	PMC2808955	2009	Xenbase: gene expression and improved integration.
19884133	10.1093/nar/gkp871	PMC2808935	2009	Ensembl Genomes: extending Ensembl across the taxonomic space.
19900971	10.1093/nar/gkp951	PMC2808932	2009	eggNOG v2.0: extending the evolutionary genealogy of genes with enhanced non-supervised orthologous groups, species and functional annotations.
19914931	10.1093/nar/gkp941	PMC2808945	2009	EuPathDB: a portal to eukaryotic pathogen databases.
19920128	10.1093/nar/gkp1018	PMC2808930	2009	The Gene Ontology in 2010: extensions and refinements.
19959575	10.1099/mic.0.035790-0		2009	Connecting parts with processes: SubtiWiki and SubtiPathways integrate gene and pathway annotation for Bacillus subtilis.
20032296	10.1177/0192623309353423		2009	Proliferative and nonproliferative lesions of the rat and mouse respiratory tract.
20052305	10.1002/wsbm.44	PMC2801442		The mammalian phenotype ontology: enabling robust annotation and comparative analysis.
20064205	10.1186/gb-2010-11-1-r2	PMC2847714	2010	Integrating phenotype ontologies across multiple species.
20116127	10.1016/j.tig.2009.12.012		2010	An ontology to clarify homology-related concepts.
20154612	10.1097/mol.0b013e3283377395	PMC8038872	2010	PhenX: a toolkit for interdisciplinary genetics research.
20157474	10.1093/database/bap001	PMC2790299	2009	New mutant phenotype data curation system in the Saccharomyces Genome Database.
20157485	10.1093/database/bap012	PMC2790307	2009	A community-curated consensual annotation that is continuously updated: the Bacillus subtilis centred wiki SubtiWiki.
20200009	10.1093/bioinformatics/btq099	PMC2853691	2010	Modeling sample variables with an Experimental Factor Ontology.
20211274	10.1016/j.jbi.2010.03.001	PMC3042056	2010	NanoParticle Ontology for cancer nanotechnology research.
20226267	10.1016/j.jbi.2010.03.002	PMC3052763	2010	Evolution of the Sequence Ontology terms and relationships.
20409185	10.1111/j.1469-8137.2009.03160.x		2010	The UNITE database for molecular identification of fungi--recent updates and future perspectives.
20412080	10.1111/j.1399-0004.2010.01436.x		2010	The human phenotype ontology.
20547776	10.1093/sysbio/syq013	PMC2885267	2010	The teleost anatomy ontology: anatomical representation for the genomics age.
20587689	10.1177/0300985810374845	PMC3038412	2010	Pathbase and the MPATH ontology. Community resources for mouse histopathology.
20624719	10.1093/database/baq013	PMC2911848	2010	The Human Oral Microbiome Database: a web accessible resource for investigating oral microbe taxonomic and genomic information.
20626927	10.1186/2041-1480-1-s1-s7	PMC2903726	2010	Modeling biomedical experimental processes with OBI.
20689021	10.1093/database/baq020	PMC2938269	2010	GeneCards Version 3: the human gene integrator.
20698959	10.1186/1475-2875-9-230	PMC2925367	2010	IDOMAL: an ontology for malaria.
20796305	10.1186/gb-2010-11-8-r88	PMC2945790	2010	A standard variation file format for human genome sequences.
20800107	10.1016/j.jbi.2010.08.007		2010	Using an ECG reference ontology for semantic interoperability of ECG data.
20847592			2009	Ontology driven modeling for the knowledge of genetic susceptibility to disease.
20875156	10.1186/1745-7580-6-s1-s5	PMC2946783	2010	Bioinformatics analysis of Brucella vaccines and vaccine targets using VIOLIN.
20935045	10.1093/nar/gkq907	PMC3013777	2010	The Protein Ontology: a structured representation of protein forms and complexes.
20935049	10.1093/nar/gkq866	PMC3013765	2010	The Sol Genomics Network (solgenomics.net): growing tomatoes using Perl.
20972218	10.1093/nar/gkq930	PMC3013786	2010	OrthoDB: the hierarchical catalog of eukaryotic orthologs in 2011.
20980200	10.1016/j.tube.2010.09.006		2010	The MycoBrowser portal: a comprehensive and manually annotated resource for mycobacterial genomes.
21030441	10.1093/nar/gkq968	PMC3013802	2010	The BRENDA Tissue Ontology (BTO): the first all-integrating ontology of all organisms for enzyme sources.
21036864	10.1093/nar/gkq1058	PMC3013666	2010	ArachnoServer 2.0, an updated online resource for spider toxin sequences and structures.
21045054	10.1093/nar/gkq1009	PMC3013641	2010	GPCRDB: information system for G protein-coupled receptors.
21059682	10.1093/nar/gkq1126	PMC3013709	2010	DrugBank 3.0: a comprehensive resource for 'omics' research on drugs.
21071392	10.1093/nar/gkq1039	PMC3013659	2010	Pathway Commons, a web resource for biological pathway data.
21071413	10.1093/nar/gkq1116	PMC3013707	2010	The BioGRID Interaction Database: 2011 update.
21097778	10.1093/nar/gkq1167	PMC3014840	2010	SPIKE: a database of highly curated human signaling pathways.
21097890	10.1093/nar/gkq1172	PMC3013733	2010	Database resources of the National Center for Biotechnology Information.
21115458	10.1093/nar/gkq1237	PMC3013746	2010	Entrez Gene: gene-centered information at NCBI.
21208450	10.1186/1471-2105-12-6	PMC3024222	2011	Logical development of the cell ontology.
21209921	10.1371/journal.pone.0015991	PMC3012123	2010	A gross anatomy ontology for hymenoptera.
21261995	10.1186/1471-2105-12-32	PMC3039574	2011	Worm Phenotype Ontology: integrating phenotype data within and beyond the C. elegans community.
21478484	10.1093/database/bar010	PMC3072770	2011	The Rat Genome Database pathway portal.
21505029	10.1093/bioinformatics/btr190	PMC3106186	2011	Signaling gateway molecule pages--a data model perspective.
21515544	10.1136/amiajnl-2011-000116	PMC3128404	2011	Normalized names for clinical drugs: RxNorm at 6 years.
21624163	10.1186/2041-1480-2-s2-s8	PMC3102897	2011	Mining of vaccine-associated IFN-γ gene interaction networks using the Vaccine Ontology.
21702939	10.1186/1471-2105-12-257	PMC3149580	2011	BioAssay Ontology (BAO): a semantic description of bioassays and high-throughput screening results.
21749974	10.1093/aje/kwr193	PMC3141081	2011	The PhenX Toolkit: get the most from your measures.
21879385	10.1007/s11095-011-0573-8		2011	OMIT: a domain-specific knowledge base for microRNA target prediction.
21929785	10.1186/1471-2105-12-371	PMC3189193	2011	The representation of protein complexes in the Protein Ontology (PRO).
21948594	10.1093/nar/gkr777	PMC3245175	2011	ChEMBL: a large-scale bioactivity database for drug discovery.
21976737	10.1093/nar/gkr811	PMC3245181	2011	Protein Data Bank Japan (PDBj): maintaining a structural data archive and resource description framework format.
21991315	10.1371/journal.pone.0025513	PMC3184996	2011	The chemical information ontology: provenance and disambiguation for chemical data on the biological semantic web.
22009673	10.1093/nar/gkr846	PMC3244999	2011	ICEberg: a web-based resource for integrative and conjugative elements found in Bacteria.
22027554	10.1038/msb.2011.77	PMC3261705	2011	Controlled vocabularies and semantics in systems biology.
22039153	10.1093/nar/gkr853	PMC3245111	2011	PomBase: a comprehensive online resource for fission yeast.
22053087	10.1093/nar/gkr922	PMC3245166	2011	MimoDB 2.0: a mimotope database and beyond.
22080509	10.1093/nar/gkr1043	PMC3245105	2011	Database for bacterial group II introns.
22080510	10.1093/nar/gkr988	PMC3245020	2011	KEGG for integration and interpretation of large-scale molecular data sets.
22080550	10.1093/nar/gkr915	PMC3245071	2011	BYKdb: the Bacterial protein tYrosine Kinase database.
22080554	10.1093/nar/gkr972	PMC3245088	2011	Disease Ontology: a backbone for disease semantic integration.
22080560	10.1093/nar/gkr914	PMC3245135	2011	MIPModDB: a central resource for the superfamily of major intrinsic proteins.
22096227	10.1093/nar/gkr930	PMC3244991	2011	MINT, the molecular interaction database: 2012 update.
22096230	10.1093/nar/gkr1074	PMC3245032	2011	WikiPathways: building research communities on biological pathways.
22102568	10.1093/nar/gkr1028	PMC3245151	2011	The Gene Ontology: enhancements for 2011.
22102587	10.1093/nar/gkr1046	PMC3245076	2011	SABIO-RK--database for biochemical reaction kinetics.
22102589	10.1093/nar/gkr1023	PMC3245108	2011	UniPathway: a resource for the exploration and annotation of metabolic pathways.
22103613	10.2217/bmm.11.94	PMC3339046	2011	From pharmacogenomic knowledge acquisition to clinical applications: the PharmGKB as a clinical pharmacogenomic biomarker resource.
22110037	10.1093/nar/gkr1029	PMC3245034	2011	Saccharomyces Genome Database: the genomics resource of budding yeast.
22135287	10.1093/nar/gkr1159	PMC3245016	2011	miRNEST database: an integrative approach in microRNA search and annotation.
22139910	10.1093/nar/gkr1178	PMC3245000	2011	The NCBI Taxonomy database.
22139920	10.1093/nar/gkr1187	PMC3245165	2011	SitEx: a computer system for analysis of projections of protein functional sites on eukaryotic genes.
22180411	10.1093/bioinformatics/btr677		2011	The Virtual Fly Brain browser and query interface.
22180824	10.4056/sigs.2025347	PMC3235514	2011	Minimal Information for Neural Electromagnetic Ontologies (MINEMO): A standards-compliant method for analysis and integration of event-related potentials (ERP) data.
22180825	10.4056/sigs.1994602	PMC3235517	2011	Minimum Information about a Genotyping Experiment (MIGEN).
22216106	10.1371/journal.pone.0028708	PMC3246444	2011	Physical properties of biological entities: an introduction to the ontology of physics for biology.
22285984	10.1016/j.jbi.2012.01.005	PMC3376691	2012	Enabling international adoption of LOINC through translation.
22293552	10.1186/gb-2012-13-1-r5	PMC3334586	2012	Uberon, an integrative multi-species anatomy ontology.
22324457	10.1021/es2033857	PMC3314380	2012	Providing the missing link: the exposure science ontology ExO.
22347883	10.3389/fgene.2012.00018	PMC3278863	2012	The AEO, an Ontology of Anatomical Entities for Classifying Animal Tissues and Organs.
22402613	10.1093/bioinformatics/bts113		2012	A strategy for building neuroanatomy ontologies.
22434835	10.1093/database/bar067	PMC3308157	2012	Research resources: curating the new eagle-i discovery system.
22476066	10.1093/aobpla/plq008	PMC3000699	2010	Multifunctional crop trait ontology for breeders' data: field book, annotation, data discovery and semantic enrichment of the literature.
22508994	10.1093/database/bas019	PMC3326521	2012	The PRINTS database: a fine-grained protein sequence annotation and analysis resource--its status in 2012.
22621763	10.1186/2041-1480-3-5	PMC3488002	2012	The Ontology for Parasite Lifecycle (OPL): towards a consistent vocabulary of lifecycle stages in parasitic organisms.
22654893	10.3389/fgene.2012.00087	PMC3361058	2012	Three ontologies to define phenotype measurement data.
22700311	10.1002/0471250953.bi0112s38		2012	Using the KEGG database resource.
22847540	10.3732/ajb.1200222	PMC3492881	2012	Ontologies as integrative tools for plant science.
22874154	10.3233/978-1-61499-101-4-68		2012	An information artifact ontology perspective on data collections and associated representational artifacts.
22874158			2012	Rare diseases knowledge management: the contribution of proximity measurements in OntoOrpha and OMIM.
22912585	10.1371/journal.pgen.1002834	PMC3415404	2012	Dissecting the gene network of dietary restriction to identify evolutionarily conserved pathways and new functional genes.
22934074	10.3389/fphys.2012.00326	PMC3429094	2012	Bridging the phenotypic and genetic data useful for integrated breeding through a data annotation using the Crop Ontology developed by the crop communities of practice.
22961259	10.1007/s00335-012-9421-3	PMC3463787	2012	The Mammalian Phenotype Ontology as a unifying standard for experimental and high-throughput phenotyping data.
22973865	10.1111/j.1469-7580.2012.01566.x	PMC3482348	2012	A new ontology (structured hierarchy) of human developmental anatomy for the first 7 weeks (Carnegie stages 1-20).
23003568	10.1111/j.1476-5381.2012.02141.x	PMC3575771	2012	GuideToPharmacology.org--an update.
23060432	10.1093/database/bas033	PMC3468815	2012	The Units Ontology: a tool for integrating units of measurement in science.
23155465	10.1371/journal.pone.0049198	PMC3498356	2012	Formalization, annotation and analysis of diverse drug and probe screening assay datasets using the BioAssay Ontology (BAO).
23161676	10.1093/nar/gks1067	PMC3531220	2012	New and continuing developments at PROSITE.
23161678	10.1093/nar/gks1050	PMC3531070	2012	Gene Ontology annotations and resources.
23172289	10.1093/nar/gks1064	PMC3531180	2012	DictyBase 2013: integrating multiple Dictyostelid species.
23180785	10.1093/nar/gks1083	PMC3531118	2012	PeroxiBase: a database for large-scale evolutionary analysis of peroxidases.
23180789	10.1093/nar/gks1146	PMC3531142	2012	The ChEBI reference database and ontology for biologically relevant chemistry: enhancements for 2013.
23193293	10.1093/nar/gks1155	PMC3531213	2012	Human Ageing Genomic Resources: integrated databases and tools for the biology and genetics of ageing.
23195121	10.1016/b978-0-12-388408-4.00004-6		2012	The neurobehavior ontology: an ontology for annotation and integration of behavior and behavioral phenotypes.
23203881	10.1093/nar/gks1049	PMC3531171	2012	BRENDA in 2013: integrated reactions, kinetic data, enzyme function data, improved disease classification: new options and contents in BRENDA.
23220694	10.1093/pcp/pcs163	PMC3583023	2012	The plant ontology as a tool for comparative plant anatomy and genomic analyses.
23256535	10.1186/2041-1480-3-17	PMC3639077	2012	Ontology representation and analysis of vaccine formulation and administration and their effects on vaccine immune responses.
2326192	10.1093/nar/18.6.1517	PMC330520	1990	Recent changes in the GenBank On-line Service.
23293959	10.1021/ci300309k		2013	Three-dimensional structure database of natural metabolites (3DMET): a novel database of curated 3D structures.
23427646	10.1603/me12169	PMC3695545	2013	Ontology for vector surveillance and management.
23479348	10.1093/bioinformatics/btt113	PMC3654706	2013	EDAM: an ontology of bioinformatics operations, types of data and identifiers, topics and formats.
23482073	10.1093/database/bat009	PMC3594986	2013	The HUPO proteomics standards initiative- mass spectrometry controlled vocabulary.
23494302	10.1007/978-1-62703-302-2_4	PMC3762881	2013	One stop shop for everything Dictyostelium: dictyBase and the Dicty Stock Center in 2012.
23603846	10.1093/database/bat015	PMC3630803	2013	PhenoMiner: quantitative phenotype curation at the rat genome database.
23638153	10.1371/journal.pone.0062839	PMC3636197	2013	Use of natural products as chemical library for drug discovery and network pharmacology.
23658422	10.1093/bioinformatics/btt266	PMC3694669	2013	FYPO: the fission yeast phenotype ontology.
23686934	10.1136/amiajnl-2013-001696	PMC3912711	2013	Epilepsy and seizure ontology: towards an epilepsy informatics infrastructure for clinical research and patient care.
23734660	10.1186/2041-1480-4-s1-s6	PMC3633001	2013	Query enhancement through the practical application of ontology: the IEDB and OBI.
23759795	10.1097/mol.0b013e328362df13		2013	Cerebrotendinous xanthomatosis.
23830913	10.1016/j.jalz.2013.02.009		2013	ADO: a disease ontology representing the domain knowledge specific to Alzheimer's disease.
23895341	10.1186/1471-2164-14-513	PMC3733925	2013	Dovetailing biology and chemistry: integrating the Gene Ontology with the ChEBI chemical ontology.
23937709	10.1186/2041-1480-4-13	PMC3851175	2013	The Vertebrate Trait Ontology: a controlled vocabulary for the annotation of trait data across species.
23972281				EMAP/EMAPA ontology of mouse developmental anatomy: 2013 update
24009581	10.3389/fninf.2013.00018	PMC3757470	2013	NeuroLex.org: an online framework for neuroscience knowledge.
24034841	10.1186/2041-1480-4-16	PMC3848731	2013	IDOMAL: the malaria ontology revisited.
24103152	10.1186/2041-1480-4-26	PMC3882879	2013	The clinical measurement, measurement method and experimental condition ontologies: expansion, improvements and new applications.
24138933	10.1186/2041-1480-4-30	PMC3816596	2013	The Drosophila phenotype ontology.
24139024	10.1186/2041-1480-4-31	PMC3816597	2013	Enhanced XAO: the ontology of Xenopus anatomy and development underpins more accurate annotation of gene expression and queries on Xenbase.
24139062	10.1186/2041-1480-4-32	PMC4015547	2013	The Drosophila anatomy ontology.
24150937	10.1093/nar/gkt933	PMC3965041	2013	LoQAtE--Localization and Quantitation ATlas of the yeast proteomE. A new tool for multiparametric dissection of single-protein behavior in response to biological perturbations in yeast.
24162187	10.1101/gr.157495.113	PMC3912426	2013	Variation Ontology for annotation of variation effects and mechanisms.
24177753	10.1007/s00335-013-9481-z		2013	Analyzing gene expression data in mice with the Neuro Behavior Ontology.
24178034	10.1093/nar/gkt1010	PMC3965115	2013	IDEAL in 2014 illustrates interaction networks composed of intrinsically disordered proteins and their binding partners.
24194607	10.1093/nar/gkt1055	PMC3965059	2013	TreeFam v9: a new website, more species and orthology-on-the-fly.
24203711	10.1093/nar/gkt1068	PMC3965102	2013	DrugBank 4.0: shedding new light on drug metabolism.
24217912	10.1093/nar/gkt1026	PMC3965098	2013	The Human Phenotype Ontology project: linking molecular biology and disease through phenotype data.
24234451	10.1093/nar/gkt1115	PMC3965093	2013	The MIntAct project--IntAct as a common curation platform for 11 molecular interaction databases.
24265221	10.1093/nar/gkt1189	PMC3964960	2013	ArchDB 2014: structural classification of loops in proteins.
24267744	10.1186/2041-1480-4-34	PMC4177199	2013	The vertebrate taxonomy ontology: a framework for reasoning across model organism and species phenotypes.
24267899	10.1186/2041-1480-4-36	PMC4177145	2013	Rat Strain Ontology: structured controlled vocabulary designed to facilitate access to strain data at RGD.
24267948	10.1186/2041-1480-4-37	PMC4177195	2013	PAV ontology: provenance, authoring and versioning.
24270786	10.1093/nar/gkt1178	PMC3965031	2013	The carbohydrate-active enzymes database (CAZy) in 2013.
24270789	10.1093/nar/gkt1173	PMC3964965	2013	Protein Ontology: a controlled structured network of protein entities.
24275491	10.1093/nar/gkt1177	PMC3964985	2013	PhylomeDB v4: zooming into the plurality of evolutionary histories of a genome.
24279920	10.1186/2041-1480-4-40	PMC4177204	2013	The Ontology of Vaccine Adverse Events (OVAE) and its usage in representing and analyzing adverse events associated with US-licensed human vaccines.
24295137	10.1186/2041-1480-4-41	PMC3904761	2013	Ontology of physics for biology: representing physical dependencies as a basis for biological processes.
24314207	10.1186/2041-1480-4-42	PMC4028878	2013	The neurological disease ontology.
24330602	10.1186/2041-1480-4-43	PMC3904460	2013	The environment ontology: contextualising biological and biomedical entities.
24345026	10.1186/2041-1480-4-44	PMC3931349	2013	Building a drug ontology based on RxNorm and other sources.
24499703	10.1186/2041-1480-5-7	PMC3922094	2014	The pathway ontology - updates and applications.
24533660	10.1186/2041-1480-5-9	PMC3931275	2014	Variation ontology: annotator guide.
24551417		PMC3900155	2013	Apollo: giving application developers a single point of access to public health models using structured vocabularies and Web services.
24568621	10.1186/2041-1480-5-12	PMC3944782	2014	The zebrafish anatomy and stage ontologies: representing the anatomy and development of Danio rerio.
24589819	10.1136/neurintsurg-2014-011156		2014	Current procedural terminology; a primer.
24595056	10.1371/journal.pone.0089606	PMC3940615	2014	Semantics in support of biodiversity knowledge discovery: an introduction to the biological collections ontology and related ontologies.
24602174	10.1186/2041-1480-5-14	PMC4015691	2014	The Semanticscience Integrated Ontology (SIO) for biomedical research and knowledge discovery.
24745070	10.1038/508312a		2014	Publishing: Credit where credit is due.
24963371	10.1186/2041-1480-5-19	PMC4068904	2014	The ontology of genetic susceptibility factors (OGSF) and its application in modeling genetic susceptibility to vaccine adverse events.
25009735	10.1186/2041-1480-5-21	PMC4089931	2014	Unification of multi-species vertebrate anatomy ontologies for comparative biology in Uberon.
25025130	10.1371/journal.pone.0100855	PMC4099014	2014	OMIT: dynamic, semi-automated ontology development for the microRNA domain.
25052702	10.1093/database/bau075	PMC4105709	2014	Standardized description of scientific evidence using the Evidence Ontology (ECO).
25057255	10.3897/bdj.2.e1125	PMC4092319	2014	Enriched biodiversity data as a resource and service.
25068035	10.1186/2041-1480-5-25	PMC4098953	2014	The Software Ontology (SWO): a resource for reproducibility in biomedical data analysis, curation and digital preservation.
25093068	10.1186/2041-1480-5-29	PMC4120740	2014	OAE: The Ontology of Adverse Events.
25093074	10.1186/2041-1480-5-s1-s5	PMC4108877	2014	Evolving BioAssay Ontology (BAO): modularization, integration and applications.
25140222	10.1186/2041-1480-5-34	PMC4137724	2014	Nose to tail, roots to shoots: spatial descriptors for phenotypic diversity in the Biological Spatial Ontology.
25265995	10.1186/s40246-014-0017-8	PMC4191248	2014	Disease pathways at the Rat Genome Database Pathway Portal: genes in context-a network approach to understanding the molecular mechanisms of disease.
25276334	10.1186/2041-1480-5-39	PMC4177528	2014	The Porifera Ontology (PORO): enhancing sponge systematics with an anatomy ontology.
25276335	10.1186/2041-1480-5-41	PMC4177597	2014	Structuring research methods and data with the research object model: genomics workflows as a case study.
25313161	10.1093/nar/gku975	PMC4384031	2014	The complex portal--an encyclopaedia of macromolecular complexes.
25348399	10.1093/nar/gku1002	PMC4383873	2014	HAMAP in 2015: updates to the protein family classification and annotation system.
25348409	10.1093/nar/gku1011	PMC4383880	2014	Disease Ontology 2015 update: an expanded and updated database of human diseases for linking biomedical knowledge through disease data.
25378308	10.1093/nar/gku1046	PMC4383893	2014	REBASE--a database for DNA restriction and modification: enzymes, genes and genomes.
25378310	10.1093/nar/gku1068	PMC4383907	2014	BRENDA in 2015: exciting developments in its 25th year of existence.
25392412	10.1093/nar/gku893	PMC4384007	2014	The Addgene repository: an international nonprofit plasmid and data resource.
25414324	10.1093/nar/gku1200	PMC4383980	2014	Araport: the Arabidopsis information portal.
25414356	10.1093/nar/gku1221	PMC4383992	2014	CDD: NCBI's conserved domain database.
25414356	doi	PMC4383992		
25428349	10.1093/nar/gku1205	PMC4383985	2014	OMIM.org: Online Mendelian Inheritance in Man (OMIM®), an online catalog of human genes and genetic disorders.
25428369	10.1093/nar/gku1179	PMC4383973	2014	Gene Ontology Consortium: going forward.
25433798	10.1186/s12866-014-0294-3	PMC4287307	2014	An ontology for microbial phenotypes.
25490885	10.1186/s12859-014-0386-y	PMC4279962	2014	Finding gene regulatory network candidates using the gene expression knowledge base.
25562316	10.1371/journal.pbio.1002033	PMC4285398	2015	Finding our way through phenotypes.
25613900	10.1126/science.1260419		2015	Proteomics. Tissue-based map of the human proteome.
25616435	10.1007/s00439-015-1529-6		2015	Types and effects of protein variations.
25632945	10.1093/database/bau132	PMC4309925	2015	Modeling a microbial community and biodiversity assay with OBO Foundry ontologies: the interoperability gains of a modular approach.
25656513	10.1093/jamia/ocu012	PMC5566197	2015	Supporting interoperability of genetic data with LOINC.
25785184	10.1186/2041-1480-6-2	PMC4362819	2015	Development and application of an interaction network ontology for literature mining of vaccine-associated gene-gene interactions.
25815161	10.1186/s13326-015-0005-5	PMC4374589	2015	eNanoMapper: harnessing ontologies to enable data integration for nanomaterial risk assessment.
25825651	10.1186/s13326-015-0009-1	PMC4378007	2015	Expanding the mammalian phenotype ontology to support automated exchange of high throughput mouse phenotyping data generated by large-scale mouse knockout screens.
25841438	10.1093/database/bav032	PMC4385274	2015	Generating a focused view of disease ontology cancer terms for pan-cancer data integration and analysis.
25852852	10.1186/2041-1480-5-37	PMC4387853	2014	CLO: The cell line ontology.
25937879	10.1186/2041-1480-5-38	PMC4417517	2014	Evaluating the Emotion Ontology through use in the self-reporting of emotional responses at an academic conference.
25943471	10.1093/bioinformatics/btv285	PMC4547616	2015	The SwissLipids knowledgebase for lipid biology.
25957950	10.1093/database/bav043	PMC4425939	2015	The Confidence Information Ontology: a step towards a standard for asserting confidence in annotations.
26093607	10.1007/s00335-015-9576-9	PMC4602048	2015	The Disease Ontology: fostering interoperability between biological and clinical human disease-related data.
26119816	10.1016/j.ajhg.2015.05.020	PMC4572507	2015	The Human Phenotype Ontology: Semantic Unification of Common and Rare Disease.
26147071	10.1021/acs.jcim.5b00119		2015	DINTO: Using OWL Ontologies and SWRL Rules to Infer Drug-Drug Interactions and Their Mechanisms.
26208972				Mouse Anatomy Ontologies: Enhancements and Tools for Exploring and Integrating Biomedical Data
26467479	10.1093/nar/gkv1031	PMC4702775	2015	ChEBI in 2016: Improved services and an expanding collection of metabolites.
26467481	10.1093/nar/gkv1048	PMC4702784	2015	SIGNOR: a database of causal relationships between biological entities.
26481357	10.1093/nar/gkv1024	PMC4702772	2015	WikiPathways: capturing the full diversity of pathway knowledge.
26481362	10.1093/nar/gkv1072	PMC4702793	2015	BindingDB in 2015: A public database for medicinal chemistry, computational chemistry and systems pharmacology.
26519402	10.1007/978-1-4939-3167-5_5		2016	The Plant Ontology: A Tool for Plant Genomics.
26527732	10.1093/nar/gkv1164	PMC4702838	2015	The MetaCyc database of metabolic pathways and enzymes and the BioCyc collection of pathway/genome databases.
26553804	10.1093/nar/gkv1189	PMC4702849	2015	Reference sequence (RefSeq) database at NCBI: current status, taxonomic expansion, and functional annotation.
26602694	10.1093/nar/gkv1278	PMC4702905	2015	APD3: the antimicrobial peptide database as a tool for research and education.
26713234	10.7717/peerj.1470	PMC4690371	2015	Emerging semantics to link phenotype and environment.
26759709	10.1186/s13326-016-0045-5	PMC4709943	2016	An ontology for major histocompatibility restriction.
26773573	10.1002/humu.22954		2016	VariOtator, a Software Tool for Variation Annotation with the Variation Ontology.
26896844	10.1093/database/baw005	PMC4761108	2016	EXTRACT: interactive extraction of environment metadata and term suggestion for metagenomic sample annotation.
26896847	10.1093/database/bav096	PMC4761110	2016	Ensembl comparative genomics resources.
26938550	10.3390/v8030066	PMC4810256	2016	Linking Virus Genomes with Host Taxonomy.
26989148	10.1093/database/baw015	PMC4795929	2016	Wikidata as a semantic framework for the Gene Wiki initiative.
27028220	10.1021/acs.jmedchem.6b00153		2016	Big Data from Pharmaceutical Patents: A Computational Analysis of Medicinal Chemists' Bread and Butter.
27076900	10.1186/s13326-016-0060-6	PMC4830071	2016	MicrO: an ontology of phenotypic and metabolic characters, assays, and culture media found in prokaryotic taxonomic descriptions.
27096073	10.1186/s13326-016-0048-2	PMC4836073	2016	An accurate and precise representation of drug ingredients.
27128319	10.1371/journal.pone.0154556	PMC4851331	2016	The Ontology for Biomedical Investigations.
27148435	10.1186/s13326-016-0068-y	PMC4855778	2016	OBIB-a novel ontology for biobanking.
27175225	10.1186/s13326-016-0064-2	PMC4863347	2016	OmniSearch: a semantic search system based on the Ontology for MIcroRNA Target (OMIT) for microRNA-target gene interaction data.
27195102	10.1186/s13326-016-0074-0	PMC4870745	2016	The cellular microscopy phenotype ontology.
27235801	10.1016/j.artmed.2016.04.003	PMC4915823	2016	From frames to OWL2: Converting the Foundational Model of Anatomy.
27259657	10.1186/s13326-016-0077-x	PMC4893294	2016	The Orthology Ontology: development and applications.
27296299	10.1186/s13326-016-0067-z	PMC4907002	2016	FALDO: a semantic standard for describing the location of nucleotide and protein feature annotation.
27377652	10.1186/s13326-016-0088-7	PMC4932724	2016	The Cell Ontology 2016: enhanced content, modularization, and ontology interoperability.
27406187	10.1186/s13326-016-0087-8	PMC4942889	2016	The ontology of medically related social entities: recent developments.
27538448	10.1186/s13326-016-0092-y	PMC4989460	2016	The Apollo Structured Vocabulary: an OWL2 ontology of phenomena in infectious disease epidemiology and population biology for use in epidemic simulation.
27627881	10.1186/s13326-016-0100-2	PMC5024438	2016	The Ontology of Biological and Clinical Statistics (OBCS) for standardized and reproducible statistical analysis.
27664130	10.1186/s13326-016-0097-6	PMC5035502	2016	The environment ontology in 2016: bridging domains with increased scope, semantic density, and interoperation.
27738138	10.1093/nar/gkw924	PMC5210628	2016	The Candida Genome Database (CGD): incorporation of Assembly 22, systematic identifiers and visualization of high throughput sequencing data.
27812948	10.1007/978-1-4939-3743-1_18	PMC6377151	2017	The Evidence and Conclusion Ontology (ECO): Supporting GO Annotations.
27842607	10.1186/s13326-016-0107-8	PMC5109718	2016	The flora phenotype ontology (FLOPO): tool for integrating morphological traits and phenotypes of vascular plants.
27899602	10.1093/nar/gkw1039	PMC5210535	2016	The Human Phenotype Ontology in 2017.
27899619	10.1093/nar/gkw1062	PMC5210547	2016	The neXtProt knowledgebase on human proteins: 2017 update.
27899649	10.1093/nar/gkw1075	PMC5210558	2016	Protein Ontology (PRO): enhancing and scaling up the representation of protein entities.
27899662	10.1093/nar/gkw1092	PMC5210567	2016	KEGG: new perspectives on genomes, pathways, diseases and drugs.
28031747	10.1186/s13040-016-0118-0	PMC5168857	2016	The Interaction Network Ontology-supported modeling and mining of complex interactions represented with multiple keywords in biomedical literature.
28079902	10.1038/gim.2016.199	PMC5507752	2017	PhenX measures for phenotyping rare genetic conditions.
28123116	10.1093/sysbio/syw108		2017	The First Organ-Based Ontology for Arthropods (Ontology of Arthropod Circulatory Systems - OArCS) and its Integration into a Novel Formalization Scheme for Morphological Descriptions.
28253937	10.1186/s13326-017-0121-5	PMC5335794	2017	Therapeutic indications and other use-case-driven updates in the drug ontology: anti-malarials, anti-hypertensives, opioid analgesics, and a large term request.
28387809	10.1093/bib/bbx035	PMC6169674	2018	The anatomy of phenotype ontologies: principles, properties and applications.
28616931	10.1021/acs.jnatprod.6b01093		2017	Database for Rapid Dereplication of Known Natural Products Using Data from MS and Fast NMR Experiments.
28694792	10.3389/fmicb.2017.01068	PMC5483436	2017	Context Is Everything: Harmonization of Critical Food Microbiology Descriptors and Metadata for Improved Food Safety and Surveillance.
28875543	10.1002/pro.3289	PMC5734310	2017	PDBsum: Structural summaries of PDB entries.
28905911	10.1038/nature23884	PMC5617335	2017	The 4D nucleome project.
28981707	10.1093/nar/gkx807	PMC5753345	2018	The Encyclopedia of Proteome Dynamics: a big data ecosystem for (prote)omics.
29040681	10.1093/nar/gkx922	PMC5753352	2018	20 years of the SMART protein domain annotation resource.
29059324	10.1093/nar/gkx936	PMC5753396	2018	Xenbase: a genomic, epigenomic and transcriptomic model organism database
29069336	10.1093/bioinformatics/btx661		2018	ArachnoServer 3.0: an online resource for automated discovery, analysis and annotation of spider toxins.
29087517	10.1093/nar/gkx987	PMC5753292	2018	TFClass: expanding the classification of human transcription factors to their mammalian orthologs.
29122012	10.1186/s13326-017-0161-x	PMC5679337	2017	Drug target ontology to classify and integrate drug discovery data.
29134625				
29136219	10.1093/bioinformatics/bts327	PMC5753340		
29136219	10.1093/nar/gkx1071	PMC5753340	2018	MobiDB 3.0: more annotations for intrinsic disorder, conformational diversity and interactions in proteins.
29136241	10.1093/nar/gkx1064	PMC5753270	2018	WikiPathways: a multifaceted pathway database bridging metabolomics to other omics research.
29140468	10.1093/nar/gkx1094	PMC5753231	2018	GenBank.
29145643	10.1093/nar/gkx1134	PMC5753285	2018	The MEROPS database of proteolytic enzymes, their substrates and inhibitors in 2017 and a comparison with peptidases in the PANTHER database.
29186578	10.1093/nar/gkx1152	PMC5753347	2018	The Planteome database: an integrated resource for reference ontologies, plant genomics and phenomics.
29295242		PMC5765984	2017	Formalizing Evidence Type Definitions for Drug-Drug Interaction Studies to Improve Evidence Base Curation.
29448949	10.1186/s13059-018-1396-2	PMC5815218	2018	A standardized framework for representation of ancestry data in genomics studies, with application to the NHGRI-EBI GWAS Catalog.
295268	10.1159/000131404		1979	International system for human gene nomenclature (1979) ISGN (1979).
29590633	10.1242/dmm.032839	PMC5897730	2018	Disease Ontology: improving and unifying disease annotations across species.
29599662	10.1109/jcdl.2017.7991571	PMC5868434	2017	Automating data citation: the eagle-i experience.
29736190	10.1186/s12263-018-0601-y	PMC5928560	2018	ONS: an ontology for a standardized description of interventions and observational studies in nutrition.
29743102	10.1186/s13326-018-0183-z	PMC5944177	2018	Extending the DIDEO ontology to include entities from the natural product drug interaction domain of discourse.
29765382	10.3389/fpls.2018.00517	PMC5938398	2018	The Plant Phenology Ontology: A New Informatics Resource for Large-Scale Integration of Plant Phenology Data.
29854250		PMC5977606	2018	Towards precision informatics of pharmacovigilance: OAE-CTCAE mapping and OAE-based representation and analysis of adverse events in patients treated with cancer drugs.
29892514	10.2142/biophysico.15.0_87	PMC5992871	2018	Chemical curation to improve data accuracy: recent development of the 3DMET database.
29954318	10.1186/s12859-018-2211-5	PMC6022344	2018	FamPlex: a resource for entity recognition and relationship resolution of human protein families and complexes in biomedical text mining.
30172843	10.1016/j.cels.2018.08.004	PMC6279426	2018	Assembling the Community-Scale Discoverable Human Proteome.
30304474	10.1093/nar/gky930	PMC6324057	2019	Genenames.org: the HGNC and VGNC resources in 2019.
30321395	10.1093/nar/gky961	PMC6324063	2019	PomBase 2018: user-driven reimplementation of the fission yeast database provides rapid and intuitive access to diverse, interconnected information.
30357350	10.1093/nar/gky995	PMC6324024	2019	The Pfam protein families database in 2019.
30357361	10.1093/nar/gky994	PMC6323918	2019	Glycosciences.DB: an annotated data collection linking glycomics and proteomics data (2018 update).
30357367	10.1093/nar/gky973	PMC6323970	2019	CORUM: the comprehensive resource of mammalian protein complexes-2019.
30364959	10.1093/nar/gky1003	PMC6323960	2019	FlyBase 2.0: the next generation.
30365026	10.1093/nar/gky999	PMC6324020	2019	Victors: a web-based knowledge base of virulence factors in human and animal pathogens.
30371892	10.1093/nar/gky963	PMC6323925	2019	DrugCentral 2018: an update.
30395242	10.1093/nar/gky1048	PMC6323942	2019	BRENDA in 2019: a European ELIXIR core data resource.
30395283	10.1093/nar/gky1053	PMC6323947	2019	OrthoDB v10: sampling the diversity of animal, plant, fungal, protist, bacterial and viral genomes for evolutionary and functional annotations of orthologs.
30395289	10.1093/nar/gky1106	PMC6323896	2019	The PRIDE database and related tools and resources in 2019: improving support for quantification data.
30395331	10.1093/nar/gky1055	PMC6323945	2019	The Gene Ontology Resource: 20 years and still GOing strong.
30407534	10.1093/nar/gky1095	PMC6323953	2019	The UCSC Genome Browser database: 2019 update.
30407545	10.1093/nar/gky1090	PMC6323962	2019	The Zebrafish Information Network: new support for non-coding genes, richer Gene Ontology annotations and the Alliance of Genome Resources
30407550	10.1093/nar/gky1032	PMC6323977	2019	Human Disease Ontology 2018 update: classification, content and workflow expansion.
30407568	10.1093/nar/gky1123	PMC6323972	2019	ICEberg 2.0: an updated database of bacterial integrative and conjugative elements.
30407590	10.1093/nar/gky1036	PMC6323956	2019	ECO, the Evidence & Conclusion Ontology: community standard for evidence information.
30407594	10.1093/nar/gky1038	PMC6323939	2019	PANTHER version 14: more genomes, a new PANTHER GO-slim and improvements in enrichment analysis tools.
30407599	10.1093/nar/gky1056	PMC6323923	2019	Mouse Genome Database (MGD) 2019.
30476213	10.1093/nar/gky1105	PMC6324074	2019	Expansion of the Human Phenotype Ontology (HPO) knowledge base and resources.
30476243	10.1093/nar/gky1131	PMC6323986	2019	STRING v11: protein-protein association networks with increased coverage, supporting functional discovery in genome-wide experimental datasets.
30591019	10.1186/s12864-018-5262-0	PMC6309100	2018	Systematics for types and effects of DNA variations.
31133849	10.3389/fphar.2019.00445	PMC6524730	2019	The NCATS BioPlanet - An Integrated Platform for Exploring the Universe of Cellular Signaling Pathways for Toxicology, Systems Biology, and Chemical Genomics.
31164773	10.1038/d41586-019-01715-4		2019	Credit data generators for data reuse.
31181762	10.3390/nu11061300	PMC6628051	2019	An Ontology to Standardize Research Output of Nutritional Epidemiology: From Paper-Based Standards to Linked Content.
31181762	e1300	PMC6628051		An Ontology to Standardize Research Output of Nutritional Epidemiology: From Paper-Based Standards to Linked Content.
31304272	10.1038/s41538-018-0032-6	PMC6550238	2018	FoodOn: a harmonized food ontology to increase global food traceability, quality control and data integration.
31576635	10.1002/pro.3731	PMC6933840	2019	SASBDB: Towards an automatically curated and validated repository for biological scattering data.
31598706	10.1093/nar/gkz890	PMC6943047	2020	Ensembl Genomes 2020-enabling non-vertebrate genomic research.
31616925	10.1093/glycob/cwz080	PMC7335483	2020	GlyGen: Computational and Informatics Resources for Glycoscience.
31642470	10.1093/nar/gkz920	PMC7145598	2020	WormBase: a modern Model Organism Information Resource.
31665441	10.1093/nar/gkz935	PMC7145624	2020	CARD 2020: antibiotic resistome surveillance with the comprehensive antibiotic resistance database.
31680160	10.1093/nar/gkz1030	PMC7145657	2020	ELM-the eukaryotic linear motif resource in 2020.
31691826	10.1093/nar/gkz966	PMC7145704	2020	Ensembl 2020.
31713623	10.1093/nar/gkz1041	PMC7145519	2020	The Year of the Rat: The Rat Genome Database at 20: a multi-species knowledgebase and analysis platform.
31769834	10.1093/database/baz118	PMC6878945	2019	The Sickle Cell Disease Ontology: enabling universal sickle cell-based knowledge representation.
31836896	10.1093/database/baz133	PMC6911163	2019	The human DEPhOsphorylation Database DEPOD: 2019 update.
31836896	doi	PMC6911163		
31840793	10.1387/ijdb.190226pf	PMC7409682	2019	dictyBase and the Dicty Stock Center (version 2.0) - a progress report.
32180547	10.7554/elife.52614	PMC7077981	2020	Wikidata as a knowledge graph for the life sciences.
32533075	10.1038/s41597-020-0523-6	PMC7293349	2020	CIDO, a community-based ontology for coronavirus disease knowledge and data integration, sharing, and analysis.
32556148	10.1093/databa/baaa033	PMC7298227	2020	FOBI: an ontology to represent food intake data and associate it with metabolomic data.
32761142	10.1093/database/baaa062	PMC7408187	2020	NCBI Taxonomy: a comprehensive update on curation, resources and tools.
32819435	10.1186/s13326-020-00222-0	PMC7439527	2020	Structuring, reuse and analysis of electronic dental data using the Oral Health and Disease Ontology.
32883995	10.1038/s41598-020-71370-7	PMC7471325	2020	Ontological approach to the knowledge systematization of a toxic process and toxic course representation framework for early drug risk management.
33021900	10.1089/omi.2020.0153	PMC7549008	2020	The Sickle Cell Disease Ontology: Enabling Collaborative Research and Co-Designing of New Planetary Health Applications.
33068428	10.1093/nar/gkaa891	PMC7779006	2021	Comparative Toxicogenomics Database (CTD): update 2021.
33152070	10.1093/nar/gkaa980	PMC7779007	2021	Genenames.org: the HGNC and VGNC resources in 2021.
33156333	10.1093/nar/gkaa977		2021	The InterPro protein families and domains database: 20 years on
33175160	10.1093/nar/gkaa1028	PMC7778925	2021	The European Nucleotide Archive in 2020.
33211851	10.1093/nar/gkaa1024	PMC7779061	2021	WikiPathways: connecting communities.
33290552	10.1093/nar/gkaa1113	PMC7779012	2021	The Gene Ontology resource: enriching a GOld mine.
34015823	10.1093/bib/bbab191	PMC8195003	2021	COVID-19 biomarkers and their overlap with comorbidities in a disease biomarker data model.
34275487				The Infectious Disease Ontology in the age of COVID-19
34318308	10.1242/dev.196097	PMC8353266	2021	Planarian Anatomy Ontology: a resource to connect data within and across experimental platforms.
34601570	10.1093/bioinformatics/btab626		2021	The fobitools framework: the first steps towards food enrichment analysis.
34755882	10.1093/nar/gkab1063	PMC8728220	2022	The Human Disease Ontology 2022 update.
34788826	10.1093/nar/gkab1037	PMC8728202	2022	PHI-base in 2022: a multi-species phenotype database for Pathogen-Host Interactions.
34831777	10.3390/ijerph182212025	PMC8619589	2021	The Prescription of Drug Ontology 2.0 (PDRO): More Than the Sum of Its Parts.
35058462				ICEO, a biological ontology for representing and analyzing bacterial integrative and conjugative elements
35317743	10.1186/s12859-022-04636-8	PMC8939077	2022	The Xenopus phenotype ontology: bridging model organism phenotype data to human health and development.
35363306	10.1093/database/baac014	PMC9216550	2022	The Sickle Cell Disease Ontology: recent development and expansion of the universal sickle cell knowledge representation.
36002868	10.1186/s13321-022-00614-7	PMC9400299	2022	European Registry of Materials: global, unique identifiers for (undisclosed) nanomaterials.
36088355	10.1038/s41597-022-01655-1	PMC9464254	2022	Sharkipedia: a curated open access database of shark and ray life history traits and abundance time-series.
36177882	10.1093/nar/gkac840		2022	Ribocentre: a database of ribozymes.
36271389				A comprehensive update on CIDO: the community-based coronavirus infectious disease ontology
7368387			1980	[New classification of drugs. The Medical list and the Drug catalogue are introduced in Anatomical--Therapeutic--Chemical classification code (ACT-code) in 1981].
7937066		PMC308328	1994	The HSSP database of protein structure-sequence alignments.
8594579	10.1093/nar/24.1.201	PMC145595	1996	The HSSP database of protein structure-sequence alignments.
9223186	10.1002/(sici)1097-0134(199707)28:3<405::aid-prot10>3.0.co;2-l		1997	Pfam: a comprehensive database of protein domain families based on seed alignments.
9309224	10.1016/s0969-2126(97)00260-8		1997	CATH--a hierarchic classification of protein domain structures.
9399864	10.1093/nar/26.1.320	PMC147209	1998	Pfam: multiple sequence alignments and HMM-profiles of protein domains.
9651497				An internet-accessible database of mouse developmental anatomy based on a systematic nomenclature
9749897	10.1016/s1386-5056(98)00089-6		1998	Combining laboratory data sets from multiple institutions using the logical observation identifier names and codes (LOINC).
9835018	10.1016/s0764-4469(99)80021-3		1998	Genatlas database, genes and development defects.
9847187	10.1093/nar/27.1.229	PMC148142	1999	SMART: identification and annotation of domains from signalling and extracellular protein sequences.
9847196	10.1093/nar/27.1.260	PMC148151	1999	Pfam 3.1: 1313 multiple alignments and profile HMMs match the majority of proteins.
9847222	10.1093/nar/27.1.340	PMC148177	1999	The Ligand Gated Ion Channel Database.
	10.1002/csc2.20092		2020	Knowledge representation and data sharing to unlock crop variation for nutritional food security
	10.1002/leap.1210		2019	How can we ensure visibility and diversity in research contributions? How the Contributor Role Taxonomy (CRediT) is helping the shift from authorship to contributorship
	10.1007/978-1-84628-885-2_16		2008	CARO – The Common Anatomy Reference Ontology
	10.1016/b978-0-12-800043-4.00023-3			Textual Anatomics: the Mouse Developmental Anatomy Ontology and the Gene Expression Database for Mouse Development (GXD)
	10.1016/j.compag.2020.105965		2022	AGROVOC: The linked data concept hub for food and agriculture
	10.1016/j.knosys.2016.10.006		2016	Conceptual models of drug-drug interactions: A summary of recent efforts
	10.1016/j.websem.2012.08.001		2012	FaBiO and CiTO: Ontologies for describing bibliographic resources and citations
	10.1016/j.xgen.2021.100028			The Data Use Ontology to streamline responsible access to human biomedical datasets
	10.1016/s1074-9098%2899%2900058-1		1999	An overview of the Registry of Toxic Effects of Chemical Substances (RTECS): Critical information on chemical hazards
	10.1038/npre.2009.3458.1		2009	Development of Neural Electromagnetic Ontologies (NEMO): Ontology-based Tools for Representation and Integration of Event-related Brain Potentials
	10.1038/npre.2010.4629.1		2010	The Teleost Taxonomy Ontology
	10.1038/s42256-020-00284-w		2021	Mapping the space of chemical reactions using attention-based neural networks
	10.1045/january2012-shotton		2012	The Five Stars of Online Journal Articles - a Framework for Article Evaluation
	10.1087/20150211		2015	Beyond authorship: attribution, contribution, collaboration, and credit
	10.1101/2021.10.10.463703		2021	Brain Data Standards - A method for building data-driven cell-type ontologies
	10.1101/2022.04.13.22273750		2022	Mondo: Unifying diseases for the world, by the world
	10.1101/2022.07.08.499378		2022	Unifying the Identification of Biomedical Entities with the Bioregistry
	10.1109/mitp.2005.122		2005	RxNorm: prescription for electronic drug information exchange
	10.1145/2362499.2362502		2012	Scholarly publishing and linked data
	10.26434/chemrxiv.12591221		2020	Extension of Roles in the ChEBI Ontology
	10.3233/ao-2011-0082		2011	The RNA Ontology (RNAO): An ontology for integrating RNA sequence and structure data
	10.3233/sw-150177		2016	The Document Components Ontology (DoCO)
	10.3233/sw-160230		2017	The Publishing Workflow Ontology (PWO)
	10.3390/d11100202		2019	The Spider Anatomy Ontology (SPD)—A Versatile Tool to Link Anatomy with Cross-Disciplinary Data
	10.3390/engproc2021009017		2021	How Agricultural Digital Innovation Can Benefit from Semantics: The Case of the AGROVOC Multilingual Thesaurus
	10.3789/ansi.niso.z39.104-2022			ANSI/NISO Z39.104-2022, CRediT, Contributor Roles Taxonomy
	10.4060/cb2838en		2021	AGROVOC
	10.5281/zenodo.6522019		2019	LABO: An ontology for laboratory test prescription and reporting
	10.5281/zenodo.6678278		2021	GNOme - Glycan Naming and Subsumption Ontology
	10.5281/zenodo.6685957		2016	Malaria study data integration and information retrieval based on OBO Foundry ontologies
		PMC4823818		ICEPO: the ion channel electrophysiology ontology
