prefix	name	homepage	uri_prefix
a-loc	Location Ontology (ArCo network)	https://w3id.org/arco/ontology/location	https://w3id.org/arco/ontology/location/$1
ac	Core terms defined by Audubon Core	http://rs.tdwg.org/ac/terms/	http://rs.tdwg.org/ac/terms/$1
acco	Accomodation Ontology	http://purl.org/acco/ns	http://purl.org/acco/ns#$1
acl	Basic Access Control ontology	http://www.w3.org/wiki/WebAccessControl	http://www.w3.org/ns/auth/acl#$1
acm	ACM Classification Ontology	http://www.rkbexplorer.com/ontologies/acm	http://acm.rkbexplorer.com/ontologies/acm#$1
acrt	Agent Certification Ontology	http://privatealpha.com/ontology/certification/1#	http://privatealpha.com/ontology/certification/1#$1
af	Audio Features Ontology	http://motools.sourceforge.net/doc/audio_features.html	http://purl.org/ontology/af/$1
agls	AGLS Metadata Terms	https://agls.gov.au/schemas/rdfs/	http://www.agls.gov.au/agls/terms/$1
agr	Agreements ontology	http://promsns.org/def/agr/agr.html	http://promsns.org/def/agr#$1
agrelon	Agent Relationship Ontology	http://d-nb.info/standards/elementset/agrelon	http://d-nb.info/standards/elementset/agrelon#$1
aiiso	Academic Institution Internal Structure Ontology	http://vocab.org/aiiso/schema-20080925.html	http://purl.org/vocab/aiiso/schema#$1
airo	AI Risk Ontology	https://w3id.org/airo	https://w3id.org/airo#$1
airs	Alliance of Information and Referral Services (AIRS) Vocabulary	https://github.com/airs-linked-data/lov	https://raw.githubusercontent.com/airs-linked-data/lov/latest/src/airs_vocabulary.ttl#$1
akt	AKT Reference Ontology	http://d3e.open.ac.uk/akt/2002/ref-onto.html	http://www.aktors.org/ontology/portal#$1
akts	AKT Support Ontology	http://www.aktors.org/ontology/support	http://www.aktors.org/ontology/support#$1
algo	Algorithms Ontology	http://securitytoolbox.appspot.com/securityAlgorithms#	http://securitytoolbox.appspot.com/securityAlgorithms#$1
am	OSLC Asset Management Vocabulary	http://open-services.net/wiki/asset-management/OSLC-Asset-Management-2.0-Specification/	http://open-services.net/ns/asset#$1
aml	AutomationML Ontology	https://w3id.org/i40/aml	https://w3id.org/i40/aml#$1
amlo-core	AMLO-core vocabulary	http://w3id.org/amlo/core	http://w3id.org/amlo/core#$1
amv	AMV:Algorithm Metadata Vocabulary	https://w3id.org/amv	https://w3id.org/amv#$1
ao	Association Ontology	http://purl.org/ontology/ao/core#	http://purl.org/ontology/ao/core#$1
aos	Appearances Ontology Specification	http://rdf.muninn-project.org/ontologies/appearances	http://rdf.muninn-project.org/ontologies/appearances#$1
apco	African Public Contract Ontology	https://purl.org/cm/onto/apco	https://purl.org/cm/onto/apco#$1
api	Linked Data API Vocabulary	http://purl.org/linked-data/api/vocab#	http://purl.org/linked-data/api/vocab#$1
apps4X	The vocabulary for Co-creation Events based on Open Data	http://semweb.mmlab.be/ns/apps4X	http://semweb.mmlab.be/ns/apps4X#$1
arch	Archival collections ontology	http://gslis.simmons.edu/archival/arch/index.html	http://purl.org/archival/vocab/arch#$1
arco	Core Ontology (ArCo network)	https://w3id.org/arco/ontology/core	https://w3id.org/arco/ontology/core/$1
arp	Arpenteur Ontology	http://www.arpenteur.org/ontology/Arpenteur.owl	http://www.arpenteur.org/ontology/Arpenteur.owl#$1
atd	Air Traffic Data	https://data.nasa.gov/ontologies/atmonto/data#	https://data.nasa.gov/ontologies/atmonto/data#$1
atm	Air Traffic Management (ATM) Vocabulary	https://data.nasa.gov/ontologies/atmonto/ATM#	https://data.nasa.gov/ontologies/atmonto/ATM#$1
atts	Air Traffic Temporal and Spacial Vocabulary	https://data.nasa.gov/ontologies/atmonto/general#	https://data.nasa.gov/ontologies/atmonto/general#$1
authn_provider	Authentication Provider	https://w3id.org/inrupt/namespace/vocab/authn_provider/	https://w3id.org/inrupt/namespace/vocab/authn_provider/$1
awol	Atom Syndication Ontology	http://bblfish.net/work/atom-owl/2006-06-06/AtomOwl.html	http://bblfish.net/work/atom-owl/2006-06-06/#$1
aws	Ontology for Meteorological sensors	http://purl.oclc.org/NET/ssnx/meteo/aws	http://purl.oclc.org/NET/ssnx/meteo/aws#$1
bag	Vocabulary for the Dutch base registration of buildings and addresses (BAG)	http://bag.basisregistraties.overheid.nl/def/bag	http://bag.basisregistraties.overheid.nl/def/bag#$1
basic	OWL representation of ISO 19103 (Basic types package)	http://def.seegrid.csiro.au/isotc211/iso19103/2005/basic	http://def.seegrid.csiro.au/isotc211/iso19103/2005/basic#$1
bato	Battery Testing Ontology	http://w3id.org/emmo-bto/bto	http://w3id.org/emmo-bto/bto#$1
bbc	BBC Ontology	http://www.bbc.co.uk/ontologies/bbc	http://www.bbc.co.uk/ontologies/bbc/$1
bbccms	BBC CMS Ontology	http://www.bbc.co.uk/ontologies/cms	http://www.bbc.co.uk/ontologies/cms/$1
bbccore	BBC Core Concepts	http://www.bbc.co.uk/ontologies/coreconcepts	http://www.bbc.co.uk/ontologies/coreconcepts/$1
bbcprov	BBC Provenance Ontology	http://www.bbc.co.uk/ontologies/provenance	http://www.bbc.co.uk/ontologies/provenance/$1
bci	Brain Computing Interface (BCI) Ontology	https://w3id.org/BCI-ontology	https://w3id.org/BCI-ontology#$1
bcom	Building Concrete Monitoring Ontology (BCOM)	https://w3id.org/bcom	https://w3id.org/bcom#$1
being	OntoMedia Being Representation	http://contextus.net/ontology/ontomedia/ext/common/being#	http://contextus.net/ontology/ontomedia/ext/common/being#$1
bevon	BEVON: Beverage Ontology	http://rdfs.co/bevon/	http://rdfs.co/bevon/$1
bibtex	BibTeX ontology	http://purl.org/net/nknouf/ns/bibtex	http://purl.org/net/nknouf/ns/bibtex#$1
bimerr-op	Occupancy Profile ontology	http://bimerr.iot.linkeddata.es/def/occupancy-profile#	http://bimerr.iot.linkeddata.es/def/occupancy-profile#$1
bio	BIO: A vocabulary for biographical information	http://vocab.org/bio/0.1/.html	http://purl.org/vocab/bio/0.1/$1
biol	Biological Taxonomy Vocabulary 0.2 (Core)	http://purl.org/NET/biol/ns#	http://purl.org/NET/biol/ns#$1
biopax	BioPAX Level 3 ontology	http://www.biopax.org/release/biopax-level3.owl	http://www.biopax.org/release/biopax-level3.owl#$1
blt	British Library Terms RDF schema	http://www.bl.uk/schemas/bibliographic/blterms	http://www.bl.uk/schemas/bibliographic/blterms#$1
bot	BotDCAT-AP - Data Catalogue vocabulary Application Profile for chatbots	http://swa.cefriel.it/ontologies/botdcat-ap	http://swa.cefriel.it/ontologies/botdcat-ap#$1
botany	Biological Taxonomy Vocabulary 0.2 (Botany)	http://purl.org/NET/biol/botany#	http://purl.org/NET/biol/botany#$1
bperson	Persoon	http://data.vlaanderen.be/ns/#Vocabularia	http://data.vlaanderen.be/ns/persoon#$1
br	Brainstorm Ontology	http://vocab.deri.ie/br	http://vocab.deri.ie/br#$1
brk	Key Register Cadastre (BRK) vocabulary	http://brk.basisregistraties.overheid.nl/def/brk	http://brk.basisregistraties.overheid.nl/def/brk#$1
brt	Key Register Topography (BRT) vocabulary	http://brt.basisregistraties.overheid.nl/def/top10nl	http://brt.basisregistraties.overheid.nl/def/top10nl#$1
bto	BOT: Building Topology Ontology	https://w3c-lbd-cg.github.io/bot/index.html	https://w3id.org/bot#$1
c4n	Call for Anything vocabulary	http://vocab.deri.ie/c4n	http://vocab.deri.ie/c4n#$1
cal	Internet Calendaring and Scheduling Core Object Specification	http://www.w3.org/TR/rdfcal/	http://www.w3.org/2002/12/cal/ical#$1
caresses	CARESSES Ontology	http://caressesrobot.org/ontology	http://caressesrobot.org/ontology#$1
cart	cartCoordOnt	http://purl.org/net/cartCoord#	http://purl.org/net/cartCoord#$1
caso	Context Aware System Observation Ontology	http://www.w3id.org/def/caso#	http://www.w3id.org/def/caso#$1
cbcm	The European Union Company Mobility Ontology (EUCM ontology)	http://w3id.org/um/cbcm/eu-cm-ontology	http://w3id.org/um/cbcm/eu-cm-ontology#$1
cbo	Comic Book Ontology	https://github.com/comicmeta/ComicBookOntology	http://comicmeta.org/cbo/$1
cbs	De Centraal Bureau voor de Statistiek (CBS) ontologie	http://betalinkeddata.cbs.nl/def/cbs	http://betalinkeddata.cbs.nl/def/cbs#$1
cci	Ontology for Cloud Computing instances	http://cookingbigdata.com/linkeddata/ccinstances	http://cookingbigdata.com/linkeddata/ccinstances#$1
cco	Cognitive Characteristics Ontology	http://purl.org/ontology/cco/core#	http://purl.org/ontology/cco/core#$1
ccp	Vocabulary for prices options in Cloud Computing Services	http://cookingbigdata.com/linkeddata/ccpricing	http://cookingbigdata.com/linkeddata/ccpricing#$1
ccr	Vocabulary for Regions and Zones on Cloud Computing	http://cookingbigdata.com/linkeddata/ccregions	http://cookingbigdata.com/linkeddata/ccregions#$1
ccsla	Service Level Agreement for Cloud Computing	http://cookingbigdata.com/linkeddata/ccsla	http://cookingbigdata.com/linkeddata/ccsla#$1
cdc	CDC: Construction Dataset Context ontology	https://w3id.org/cdc	https://w3id.org/cdc#$1
cdesc	Context Description Ontology (ArCo network)	https://w3id.org/arco/ontology/context-description	https://w3id.org/arco/ontology/context-description/$1
cdm	Conceptual Depth and Momentum	http://purl.org/twc/ontology/cdm.owl#	http://purl.org/twc/ontology/cdm.owl#$1
cdtype	The Collection Description Type Namespace	http://dublincore.org/groups/collections/collection-application-profile/	http://purl.org/cld/cdtype/$1
cem	Crime Event Model (CEM)	https://w3id.org/CEMontology	https://w3id.org/CEMontology/$1
ceo	Consumer Electronics Ontology	http://www.ebusiness-unibw.org/ontologies/consumerelectronics/v1	http://www.ebusiness-unibw.org/ontologies/consumerelectronics/v1#$1
cerif	CERIF Ontology 1.3	http://www.eurocris.org/ontologies/cerif/1.3	http://www.eurocris.org/ontologies/cerif/1.3#$1
cert	The Cert Ontology	http://www.w3.org/ns/auth/cert#	http://www.w3.org/ns/auth/cert#$1
cevent	Cultural Event Ontology (ArCo network)	https://w3id.org/arco/ontology/cultural-event	https://w3id.org/arco/ontology/cultural-event/$1
cff	Climate and Forecast (CF) features	http://purl.oclc.org/NET/ssnx/cf/cf-feature	http://purl.oclc.org/NET/ssnx/cf/cf-feature#$1
cfp	Climate and Forecast (CF) standard names parameter vocabulary	http://purl.oclc.org/NET/ssnx/cf/cf-property	http://purl.oclc.org/NET/ssnx/cf/cf-property#$1
cfrl	Corporate Financial Reports and Loans Ontology	http://linkeddata.finki.ukim.mk/lod/ontology/cfrl#	http://linkeddata.finki.ukim.mk/lod/ontology/cfrl#$1
cgov	Central Government Ontology	http://reference.data.gov.uk/def/central-government	http://reference.data.gov.uk/def/central-government/$1
chameo	CHAracterisation MEthodology Ontology	https://w3id.org/emmo/domain/characterisation-methodology/chameo	https://w3id.org/emmo/domain/characterisation-methodology/chameo#$1
chord	The OMRAS2 Chord Ontology	http://purl.org/ontology/chord/	http://purl.org/ontology/chord/$1
ci	A Content Inventory Vocabulary	https://privatealpha.com/ontology/content-inventory/1#	https://privatealpha.com/ontology/content-inventory/1#$1
cis	Cultural-ON (Cultural ONtology): Ontologia dei Luoghi della Cultura e degli Eventi Culturali	http://dati.beniculturali.it/lodview/cis/.html	http://dati.beniculturali.it/cis/$1
citedcat	CiteDCAT-AP Vocabulary	https://ec-jrc.github.io/datacite-to-dcat-ap/	https://w3id.org/citedcat-ap/$1
citof	Functions of Citations	http://www.essepuntato.it/2013/03/cito-functions	http://www.essepuntato.it/2013/03/cito-functions/$1
cl	Cinelab ontology	http://advene.org/cinelab/	http://advene.org/ns/cinelab/ld#$1
cld	The Collection Description Terms	http://dublincore.org/groups/collections/collection-application-profile/	http://purl.org/cld/terms/$1
cmd	Compound Measure Description	https://w3id.org/cmd#	https://w3id.org/cmd#$1
cmo	Conceptual Model Ontology	http://purl.org/twc/ontologies/cmo.owl	http://purl.org/twc/ontologies/cmo.owl#$1
cnt	Representing Content in RDF	http://www.w3.org/TR/Content-in-RDF10/	http://www.w3.org/2011/content#$1
co	Counter Ontology	http://purl.org/ontology/co/core#	http://purl.org/ontology/co/core#$1
coach	Character of a Character Ontology (COACH)	https://w3id.org/coach#	https://w3id.org/coach#$1
cochrane	Cochrane Core Vocabulary Ontology	https://data.cochrane.org/ontologies/core/index-en.html	http://data.cochrane.org/ontologies/core/$1
cocoon	Cloud Computing Services Ontology	https://w3id.org/cocoon/v1.0	https://w3id.org/cocoon/v1.0#$1
cogs	COGS Vocabulary	http://vocab.deri.ie/cogs.html	http://vocab.deri.ie/cogs#$1
cold	'Configuration as Linked Data' ontology	http://purl.org/configurationontology	http://purl.org/configurationontology#$1
coll	Collections Ontology	http://code.google.com/p/collections-ontology/	http://purl.org/co/$1
comm	Vocabulary related to incident communication	http://vocab.resc.info/communication	http://vocab.resc.info/communication#$1
common	The Delivery Context Ontology	http://www.w3.org/2007/uwa/context/deliverycontext.owl	http://www.w3.org/2007/uwa/context/common.owl#$1
con	Contact	http://www.w3.org/2000/10/swap/pim/contact	http://www.w3.org/2000/10/swap/pim/contact#$1
contax	ConTax ontology	https://w3id.org/con-tax	https://w3id.org/con-tax#$1
conversion	Conversion Ontology	http://purl.org/twc/vocab/conversion/	http://purl.org/twc/vocab/conversion/$1
coo	Car Options Ontology	http://purl.org/coo/ns.html	http://purl.org/coo/ns#$1
core	Materials Design Ontology - Core Module	https://w3id.org/mdo/core/	https://w3id.org/mdo/core/$1
coreo	Core-o: Competence Reference Ontology	http://purl.org/coreo	http://purl.org/coreo#$1
coun	ISO 3166 Country Codes	http://www.daml.org/ontologies/352	http://www.daml.org/2001/09/countries/iso-3166-ont#$1
cpa	Content Pattern Annotations	http://www.ontologydesignpatterns.org/schemas/cpannotationschema.owl	http://www.ontologydesignpatterns.org/schemas/cpannotationschema.owl#$1
cpmeta	Ontology of Integrated Carbon Observation System (ICOS)	http://meta.icos-cp.eu/ontologies/cpmeta/	http://meta.icos-cp.eu/ontologies/cpmeta/$1
CPSWatch	The Cyber Physical System Watch Ontology	https://w3id.org/CPSWatch	https://w3id.org/CPSWatch#$1
crm	CIDOC Conceptual Reference Model	http://www.cidoc-crm.org/cidoc-crm/	http://www.cidoc-crm.org/cidoc-crm/$1
cro	Copyright Ontology	http://rhizomik.net/html/ontologies/copyrightonto/	http://rhizomik.net/ontologies/copyrightonto.owl#$1
crsw	ReSIST Courseware Ontology	http://courseware.rkbexplorer.com/ontologies/courseware	http://courseware.rkbexplorer.com/ontologies/courseware#$1
cs	Changeset	http://purl.org/vocab/changeset/schema	http://purl.org/vocab/changeset/schema#$1
csp	Constraint Satisfaction Problems Vocabulary	http://vocab.deri.ie/csp	http://vocab.deri.ie/csp#$1
csvw	CSV on the Web Vocabulary	http://www.w3.org/ns/csvw#	http://www.w3.org/ns/csvw#$1
ct	Connectivity types	http://www.tele.pw.edu.pl/~sims-onto/	http://www.tele.pw.edu.pl/~sims-onto/ConnectivityType.owl#$1
ctag	Common Tag Vocabulary	http://commontag.org/Specification	http://commontag.org/ns#$1
ctlog	Catalogue Ontology (ArCo network)	https://w3id.org/arco/ontology/catalogue	https://w3id.org/arco/ontology/catalogue/$1
cto	CTO: Construction Tasks Ontology	https://w3id.org/cto	https://w3id.org/cto#$1
ctorg	Vocabulario de la estructura de organismos públicos	http://purl.org/ctic/infraestructuras/organizacion	http://purl.org/ctic/infraestructuras/organizacion#$1
ctrl	CTRLont - An ontology to formally specify the control domain	https://w3id.org/ibp/CTRLont	https://w3id.org/ibp/CTRLont#$1
ctxdesc	Context Descriptor Pattern	http://www.demcare.eu/ontologies/ctxdesc.html	http://www.demcare.eu/ontologies/contextdescriptor.owl#$1
cwmo	Creative Workshop Management Ontology (CWMO)	http://purl.org/cwmo/#	http://purl.org/cwmo/#$1
cwork	Creative Work Ontology	http://www.bbc.co.uk/ontologies/creativework	http://www.bbc.co.uk/ontologies/creativework/$1
cwrc	L'Ontologie CWRC	http://sparql.cwrc.ca/ontologies/cwrc	http://sparql.cwrc.ca/ontologies/cwrc#$1
d2rq	D2RQ - Language Specification	http://d2rq.org/	http://www.wiwiss.fu-berlin.de/suhl/bizer/D2RQ/0.1#$1
dady	Dataset Dynamics (dady) vocabulary	http://vocab.deri.ie/dady	http://purl.org/NET/dady#$1
daia	Document Availability Information Ontology	https://github.com/gbv/daia/	http://purl.org/ontology/daia/$1
daq	Dataset Quality Vocabulary	http://butterbur04.iai.uni-bonn.de/ontologies/daq/daq#	http://purl.org/eis/vocab/daq#$1
dataid	DataID	http://wiki.dbpedia.org/projects/dbpedia-dataid	http://dataid.dbpedia.org/ns/core#$1
date	OntoMedia Date Part Representation	http://contextus.net/ontology/ontomedia/misc/date#	http://contextus.net/ontology/ontomedia/misc/date#$1
datex	Linked Datex II	http://vocab.datex.org/terms#	http://vocab.datex.org/terms#$1
dave	Data Value Vocabulary (DaVe)	http://theme-e.adaptcentre.ie/dave/	http://theme-e.adaptcentre.ie/dave#$1
dba	Description Banking Archives Ontology	https://w3id.org/dba/ontology/	https://w3id.org/dba/ontology/$1
dbm	DBM Ontology	http://purl.org/net/dbm/ontology#	http://purl.org/net/dbm/ontology#$1
dbowl	Relational to Ontology Mapping Primitive	http://ontology.cybershare.utep.edu/dbowl	http://ontology.cybershare.utep.edu/dbowl/relational-to-ontology-mapping-primitive.owl#$1
dbpedia-owl	The DBpedia Ontology	http://wiki.dbpedia.org/Ontology	http://dbpedia.org/ontology/$1
dbug	DOAP Bugs	http://ontologi.es/doap-bugs#	http://ontologi.es/doap-bugs#$1
dcam	DCMI Abstract Model	http://dublincore.org/documents/abstract-model/	http://purl.org/dc/dcam/$1
dcite	The DataCite Ontology	http://purl.org/spar/datacite	http://purl.org/spar/datacite/$1
dcndl	NDL Metadata Terms	http://ndl.go.jp/dcndl/terms/	http://ndl.go.jp/dcndl/terms/$1
dco	domOS Common Ontology	https://w3id.org/dco	https://w3id.org/dco#$1
dctype	DCMI Type Vocabulary	http://dublincore.org/documents/dcmi-type-vocabulary	http://purl.org/dc/dcmitype/$1
ddesc	Denotative Description Ontology (ArCo network)	https://w3id.org/arco/ontology/denotative-description	https://w3id.org/arco/ontology/denotative-description/$1
decision	Decision ontology	http://code.google.com/p/decision-ontology/	https://decision-ontology.googlecode.com/svn/trunk/decision.owl#$1
demlab	Dem@Care Lab Ontology for Dementia Assessment	http://www.demcare.eu/ontologies/demlab.html	http://www.demcare.eu/ontologies/demlab.owl#$1
deps	DOAP Dependencies	http://ontologi.es/doap-deps#	http://ontologi.es/doap-deps#$1
dfc	Data Food Consortium Ontology	http://static.datafoodconsortium.org/ontologies/DFC_FullModel.owl	http://static.datafoodconsortium.org/ontologies/DFC_FullModel.owl#$1
dfc-b	DFC Business Ontology	http://static.datafoodconsortium.org/ontologies/DFC_BusinessOntology.owl	http://static.datafoodconsortium.org/ontologies/DFC_BusinessOntology.owl#$1
dfc-p	A common vocabulary for digital food platforms (Product Glossary Part)	http://static.datafoodconsortium.org/ontologies/DFC_ProductGlossary.owl	http://static.datafoodconsortium.org/ontologies/DFC_ProductGlossary.owl#$1
dfc-t	A common vocabulary for digital food platforms (Technical Part)	http://static.datafoodconsortium.org/ontologies/DFC_TechnicalOntology.owl	http://static.datafoodconsortium.org/ontologies/DFC_TechnicalOntology.owl#$1
dg	DINGO Ontology	https://w3id.org/dingo/	https://w3id.org/dingo#$1
dicom	Healthcare metadata - DICOM ontology	http://purl.org/healthcarevocab/v1	http://purl.org/healthcarevocab/v1#$1
dio	The Design Intent Ontology	https://w3id.org/dio	https://w3id.org/dio#$1
disco	DDI-RDF Discovery Vocabulary	http://rdf-vocabulary.ddialliance.org/discovery.html	http://rdf-vocabulary.ddialliance.org/discovery#$1
dita	DITA RDF ontology	https://github.com/ColinMaudry/dita-rdf	http://purl.org/dita/ns#$1
dk	The Data Knowledge Vocabulary	http://www.data-knowledge.org/dk/	http://www.data-knowledge.org/dk/$1
dm2e	DM2E model	http://onto.dm2e.eu/schemas/dm2e	http://onto.dm2e.eu/schemas/dm2e/$1
dnbt	DNB Metadata Terms	http://d-nb.info/standards/elementset/dnb	http://d-nb.info/standards/elementset/dnb#$1
doc	Works, licences, derivatives and dependencies	http://www.w3.org/2000/10/swap/pim/doc	http://www.w3.org/2000/10/swap/pim/doc#$1
docso	Document Service Ontology	http://purl.org/ontology/dso	http://purl.org/ontology/dso#$1
dogont	Ontology Modeling for Intelligent Domotic Environments	http://iot-ontologies.github.io/dogont/	http://elite.polito.it/ontologies/dogont$1
donto	Dataset Ontology	https://github.com/AGLDWG/dataset-ont	http://reference.data.gov.au/def/ont/dataset#$1
dot	Damage Topology Ontology	https://w3id.org/dot#	https://w3id.org/dot#$1
dpn	Data Provider Node ontology	http://purl.org/dpn	http://purl.org/dpn#$1
dpo	Diabetes Pharmacology Ontology	https://tetherless-world.github.io/diabetes-pharmacology-ontology/	http://purl.org/twc/dpo/ont/$1
dprov	Decision Provenance ontology (DecPROV)	http://promsns.org/def/decprov/	http://promsns.org/def/do#$1
dq	OWL representation of ISO 19115 (Geographic Information - Metadata - Data quality package)	http://def.seegrid.csiro.au/isotc211/iso19115/2003/dataquality	http://def.seegrid.csiro.au/isotc211/iso19115/2003/dataquality#$1
dqc	The Data Quality Constraints Library	http://semwebquality.org/ontologies/dq-constraints	http://semwebquality.org/ontologies/dq-constraints#$1
dqm	The Data Quality Management Vocabulary	http://purl.org/dqm-vocabulary	http://purl.org/dqm-vocabulary/v1/dqm#$1
dqv	Data Quality Vocabulary	https://www.w3.org/TR/vocab-dqv/	http://www.w3.org/ns/dqv#$1
dr	Discourse relationships vocabulary	http://purl.org/swan/2.0/discourse-relationships/	http://purl.org/swan/2.0/discourse-relationships/$1
drama	Drammar: a comprehensive ontology of drama	http://www.purl.org/drammar	http://www.purl.org/drammar#$1
drm	Data Reference Model	http://vocab.data.gov/def/drm.html	http://vocab.data.gov/def/drm#$1
ds	Dataset Catalog Vocabulary	http://data.fundacionctic.org/vocab/catalog/datasets.html	http://purl.org/ctic/dcat#$1
dsd	Description of a Data Source	https://w3id.org/dsd	https://w3id.org/dsd#$1
dseco	The DNS Security Ontology	https://w3id.org/dseco/doc/	https://w3id.org/dseco/ontology/$1
dsn	DSNotify Eventsets: A vocabulary for change events in linked data sources	http://purl.org/dsnotify/vocab/eventset/	http://purl.org/dsnotify/vocab/eventset/$1
dso	Data Structure Ontology	http://inference-web.org/2.0/ds.owl	http://inference-web.org/2.0/ds.owl#$1
dstv	DSTV:Steel Construction Ontology	http://w3id.org/dstv	http://w3id.org/dstv#$1
dt	Data Template (DT) Ontology	http://w3id.org/dt	https://w3id.org/dt#$1
dtx_srti	LOD SRTI DATEX II	http://cef.uv.es/lodroadtran18/def/transporte/dtx_srti	http://cef.uv.es/lodroadtran18/def/transporte/dtx_srti#$1
dtype	Datatype Ontology	http://www.linkedmodel.org/schema/dtype	http://www.linkedmodel.org/schema/dtype#$1
dul	DOLCE+DnS Ultralite	http://ontologydesignpatterns.org/wiki/Ontology:DOLCE+DnS_Ultralite	http://www.ontologydesignpatterns.org/ont/dul/DUL.owl#$1
duv	Dataset Usage Vocabulary	http://www.w3.org/ns/duv	http://www.w3.org/ns/duv#$1
dvia	The visualization vocabulary for LOD applications	http://data.eurecom.fr/ontology/dvia/	http://purl.org/ontology/dvia#$1
eac-cpf	EAC-CPF Descriptions Ontology for Linked Archival Data:	http://archivi.ibc.regione.emilia-romagna.it/ontology/semanticEnvironment/index.html	http://archivi.ibc.regione.emilia-romagna.it/ontology/eac-cpf/$1
earl	Evaluation and Report Language	http://www.w3.org/TR/EARL10/	http://www.w3.org/ns/earl#$1
earth	The Linked Earth Ontology	http://linked.earth/ontology#	http://linked.earth/ontology#$1
ebg	euBusinessGraph ontology	http://data.businessgraph.io/ontology#	http://data.businessgraph.io/ontology#$1
ebucore	EBU Ontology	http://tech.ebu.ch/lang/en/MetadataEbuCore	http://www.ebu.ch/metadata/ontologies/ebucore/ebucore#$1
eccrev	RDF changes and revisions vocabulary	https://vocab.eccenca.com/revision/	https://vocab.eccenca.com/revision/$1
ecfo	The Emission Conversion Factor Ontology	https://w3id.org/ecfo	https://w3id.org/ecfo#$1
eclap	ECLAP, Performing Arts Vocabulary	http://www.eclap.eu/schema/eclap/	http://www.eclap.eu/schema/eclap/$1
ecpo	Enumeration and Chronology of Periodicals Ontology	http://purl.org/ontology/ecpo	http://purl.org/ontology/ecpo#$1
ecrm	Erlangen CRM / OWL	http://erlangen-crm.org/current/	http://erlangen-crm.org/current/$1
edac	ELSEWeb EDAC Ontology	http://elseweb.cybershare.utep.edu/ontologies	http://ontology.cybershare.utep.edu/ELSEWeb/elseweb-edac.owl#$1
edifact-o	EDIFACT Ontology	https://purl.org/edifact/ontology	https://purl.org/edifact/ontology#$1
edm	Europeana Data Model vocabulary	http://www.europeana.eu/schemas/edm/	http://www.europeana.eu/schemas/edm/$1
edu	Education Ontology	https://schema.edu.ee/	https://schema.edu.ee/$1
edupro	EduProgression Ontology	http://ns.inria.fr/semed/eduprogression/	http://ns.inria.fr/semed/eduprogression#$1
eem	The EPCIS Event Model	http://purl.org/eem	http://purl.org/eem#$1
eeo	Experimental Evaluation Ontology	https://w3id.org/eeo	https://w3id.org/eeo#$1
ei2a	Aragon Interoperable Information Structure Ontology EI2A	https://opendata.aragon.es/def/ei2a/index.en.htm	http://opendata.aragon.es/def/ei2a#$1
elec	Vocabulario de Resultados Electorales	http://purl.org/ctic/sector-publico/elecciones	http://purl.org/ctic/sector-publico/elecciones#$1
eli	The European Legislation Identifier	http://data.europa.eu/eli/ontology	http://data.europa.eu/eli/ontology#$1
emotion	Emotion Ontology for Context Awareness	http://ns.inria.fr/emoca/	http://ns.inria.fr/emoca#$1
emp	Vocabulario de Ofertas de Empleo	http://purl.org/ctic/empleo/oferta	http://purl.org/ctic/empleo/oferta#$1
ends	Vocabulary of endpoint status (availability, responseTime)	http://labs.mondeca.com/vocab/endpointStatus/index.html	http://labs.mondeca.com/vocab/endpointStatus#$1
ep	EPrints Ontology	http://eprints.org/ontology/	http://eprints.org/ontology/$1
eppl	The EP-Plan ontology	https://github.com/TrustLens/EP-PLAN/tree/master/docs/ontologies	https://w3id.org/ep-plan#$1
eqp	Aircraft Equipment Vocabulary	https://data.nasa.gov/ontologies/atmonto/equipment#	https://data.nasa.gov/ontologies/atmonto/equipment#$1
era	ERA vocabulary	https://data-interop.era.europa.eu/era-vocabulary/	http://data.europa.eu/949/$1
esco	The ESCO ontology	http://data.europa.eu/esco/model	http://data.europa.eu/esco/model#$1
essglobal	ESSGlobal Vocabulary	http://purl.org/essglobal/vocab/	http://purl.org/essglobal/vocab/$1
eupont	EUPont: an ontology for End User Programming of the IoT	http://elite.polito.it/ontologies/eupont.owl	http://elite.polito.it/ontologies/eupont.owl#$1
eurio	EURIO: EUropean Research Information Ontology	http://data.europa.eu/s66#	http://data.europa.eu/s66#$1
event	The Event Ontology	http://motools.sourceforge.net/event/event.html	http://purl.org/NET/c4dm/event.owl#$1
ex	Example vocabulary	http://purl.org/net/ns/ex	http://purl.org/net/ns/ex#$1
exif	Exif data description vocabulary	http://www.w3.org/2003/12/exif/	http://www.w3.org/2003/12/exif/ns#$1
experts	MAEO - MarketPlace Agent and Expert Ontology	http://w3id.org/emmo-maeo/maeo	http://w3id.org/emmo-maeo/maeo#$1
ext	OWL representation of ISO 19115 (Geographic Information - Metadata - Extent package)	http://def.seegrid.csiro.au/isotc211/iso19115/2003/extent	http://def.seegrid.csiro.au/isotc211/iso19115/2003/extent#$1
fea	Federal Enterprise Architecture Vocabulary	http://vocab.data.gov/def/fea	http://vocab.data.gov/def/fea#$1
fel	A Fine-grained Entity Linking vocabulary	http://w3id.org/vcb/fel#	http://w3id.org/vcb/fel#$1
fiesta-iot	FIESTA-IoT Ontology	http://purl.org/iot/ontology/fiesta-iot	http://purl.org/iot/ontology/fiesta-iot#$1
fiesta-priv	FIESTA-Priv Ontology	http://purl.org/iot/ontology/fiesta-priv#	http://purl.org/iot/ontology/fiesta-iot#$1
fog	FOG: File Ontology for Geometry formats	https://w3id.org/fog	https://w3id.org/fog#$1
foio	The SEAS Feature of Interest ontology.	https://w3id.org/seas/FeatureOfInterestOntology	https://w3id.org/seas/FeatureOfInterestOntology/$1
foo	Forest Observatory Ontology (FOO)	https://w3id.org/def/foo#	https://w3id.org/def/foo#$1
food	Food Ontology	http://data.lirmm.fr/ontologies/food	http://data.lirmm.fr/ontologies/food#$1
fowl	Food Ontology in OWL	http://www.w3.org/TR/2003/PR-owl-guide-20031215/food	http://www.w3.org/TR/2003/PR-owl-guide-20031209/food#$1
frad	FRAD model	http://metadataregistry.org/schema/show/id/24.html	http://iflastandards.info/ns/fr/frad/$1
frappe	FraPPE: Frame, Pixel, Place, Event vocabulary	http://streamreasoning.org/ontologies/frappe#	http://streamreasoning.org/ontologies/frappe#$1
frbre	Extended FRBR	http://purl.org/vocab/frbr/extended	http://purl.org/vocab/frbr/extended#$1
fresnel	Fresnel Lens and Format Core Vocabulary	http://www.w3.org/2004/09/fresnel	http://www.w3.org/2004/09/fresnel#$1
g50k	50K Gazetteer Vocabulary	http://data.ordnancesurvey.co.uk/ontology/50kGazetteer/	http://data.ordnancesurvey.co.uk/ontology/50kGazetteer/$1
game	TotL Game Ontology	http://data.totl.net/game/	http://data.totl.net/game/$1
gc	oeGOV Government Core Ontology	http://www.oegov.org/core/owl/gc	http://www.oegov.org/core/owl/gc#$1
gci	Global City Indicator Foundation Ontology	http://ontology.eil.utoronto.ca/GCI/Foundation/GCI-Foundation.owl	http://ontology.eil.utoronto.ca/GCI/Foundation/GCI-Foundation.owl#$1
gcon	GConsent - a consent ontology based on the GDPR	http://openscience.adaptcentre.ie/ontologies/GConsent/docs/ontology	https://w3id.org/GConsent#$1
gd	Government Data Vocabulary	http://vocab.data.gov/gd.html	http://reference.data.gov/def/govdata/$1
gdprov	The GDPR Provenance ontology	https://openscience.adaptcentre.ie/ontologies/GDPRov/docs/ontology	https://w3id.org/GDPRov#$1
gdprt	GDPR text EXTensions	https://openscience.adaptcentre.ie/ontologies/GDPRtEXT/deliverables/docs/ontology	https://w3id.org/GDPRtEXT#$1
gen	Vocabulary for Linked Genealogical Data	https://github.com/joshhansen/vocab-gen	http://purl.org/gen/0.1#$1
geod	Landinndelingen i Norge	http://vocab.lenka.no/geo-deling	http://vocab.lenka.no/geo-deling#$1
geof	Geo Features	http://www.mindswap.org/2003/owl/geo/geoFeatures20040307.owl	http://www.mindswap.org/2003/owl/geo/geoFeatures20040307.owl#$1
geofla	Ontologie des unités administratives de l'IGN	http://data.ign.fr/def/geofla	http://data.ign.fr/def/geofla#$1
geom	Ontologie des primitives géométriques	http://data.ign.fr/def/geometrie	http://data.ign.fr/def/geometrie#$1
geop	FAO Geopolitical Ontology	http://aims.fao.org/aos/geopolitical.owl	http://aims.fao.org/aos/geopolitical.owl#$1
geosp	GeoSpecies Ontology	http://rdf.geospecies.org/ont/geospecies	http://rdf.geospecies.org/ont/geospecies#$1
gf	OWL representation of ISO 19109 (General Feature Model)	http://def.seegrid.csiro.au/isotc211/iso19109/2005/feature	http://def.seegrid.csiro.au/isotc211/iso19109/2005/feature#$1
gleif-base	Global Legal Entity Identifier Foundation Base Ontology	https://www.gleif.org/ontology/Base/	https://www.gleif.org/ontology/Base/$1
gleif-elf	Entity Legal Form Ontology	https://www.gleif.org/ontology/EntityLegalForm/	https://www.gleif.org/ontology/EntityLegalForm/$1
gleif-geo	Global Legal Entity Identifier Foundation Geocoding Ontology	https://www.gleif.org/ontology/Geocoding/	https://www.gleif.org/ontology/Geocoding/$1
gleif-L1	Global Legal Entity Identifier Foundation Level 1 Ontology - Who Is Who	https://www.gleif.org/ontology/L1/	https://www.gleif.org/ontology/L1/$1
gleif-L2	Global Legal Entity Identifier Foundation Level 2 Ontology - Who Owns Whom	https://www.gleif.org/ontology/L2/	https://www.gleif.org/ontology/L2/$1
gleif-ra	Global Legal Entity Identifier Foundation Registration Authority Ontology	https://www.gleif.org/ontology/RegistrationAuthority/	https://www.gleif.org/ontology/RegistrationAuthority/$1
gleif-repex	Global Legal Entity Identifier Foundation Reporting Exception Ontology	https://www.gleif.org/ontology/ReportingException/	https://www.gleif.org/ontology/ReportingException/$1
gm	OWL representation of ISO 19107 (Geographic Information)	http://def.seegrid.csiro.au/isotc211/iso19107/2003/geometry	http://def.seegrid.csiro.au/isotc211/iso19107/2003/geometry#$1
gml	OGC Geometry	http://www.opengis.net/ont/gml	http://www.opengis.net/ont/gml#$1
gn	The Geonames ontology	http://www.geonames.org/ontology/documentation.html	http://www.geonames.org/ontology#$1
gndo	GND-Ontologie	http://d-nb.info/standards/elementset/gnd#	http://d-nb.info/standards/elementset/gnd#$1
gold	General Ontology for Linguistic Description	http://purl.org/linguistics/gold	http://purl.org/linguistics/gold/$1
gom	GOM: Geometry Metadata Ontology	https://w3id.org/gom	https://w3id.org/gom#$1
gov	Ontologie zur Modellierung historischer Verwaltungsinformationen.	http://gov.genealogy.net/ontology.owl	http://gov.genealogy.net/ontology.owl#$1
gr	The GoodRelations Ontology for Semantic Web-based E-Commerce	http://www.heppnetz.de/ontologies/goodrelations/v1.html	http://purl.org/goodrelations/v1#$1
grddl	Gleaning Resource Descriptions from Dialects of Languages Vocabulary	http://www.w3.org/2003/g/data-view	http://www.w3.org/2003/g/data-view#$1
gso	Generic Specific Ontology	http://www.w3.org/2006/gen/ont	http://www.w3.org/2006/gen/ont#$1
gsp	OGC GeoSPARQL	https://opengeospatial.github.io/ogc-geosparql/	http://www.opengis.net/ont/geosparql#$1
gtfs	General Transit Feed Specification	https://raw.githubusercontent.com/OpenTransport/vocabulary/master/gtfs/gtfs.ttl	http://vocab.gtfs.org/terms#$1
gtm	Gouda Time Machine Ontology	https://www.goudatijdmachine.nl/def	https://www.goudatijdmachine.nl/def#$1
gts	Geologic Timescale model	http://resource.geosciml.org/ontology/timescale/gts	http://resource.geosciml.org/ontology/timescale/gts#$1
gufo	gUFO: A Lightweight Implementation of the Unified Foundational Ontology (UFO)	https://github.com/nemo-ufes/gufo	http://purl.org/nemo/gufo#$1
gvp	Getty Vocabulary Program ontology	http://vocab.getty.edu/ontology	http://vocab.getty.edu/ontology#$1
h2o	Ontology for conversion of ISO/TC 211	http://def.seegrid.csiro.au/isotc211/iso19150/-2/2012/basic	http://def.seegrid.csiro.au/isotc211/iso19150/-2/2012/basic#$1
ha	Home Activity	http://sensormeasurement.appspot.com/ont/home/homeActivity#	http://sensormeasurement.appspot.com/ont/home/homeActivity#$1
hctl	Hypermedia Controls Ontology	https://www.w3.org/2019/wot/hypermedia#	https://www.w3.org/2019/wot/hypermedia#$1
hdo	HelpDesk support Ontology	http://www.samos.gr/ontologies/helpdeskOnto.html	http://www.samos.gr/ontologies/helpdeskOnto.owl#$1
hht	Historical Hierarchical Territories	https://w3id.org/HHT	https://w3id.org/HHT#$1
hifm	HIFM Ontology	http://purl.org/net/hifm/ontology#	http://purl.org/net/hifm/ontology#$1
holding	Holding Ontology	http://purl.org/ontology/holding	http://purl.org/ontology/holding#$1
holy	Hydrogen Ontology	http://purl.org/holy/ns#	http://purl.org/holy/ns#$1
hosp	Hospital Vocabulary	http://vocab.data.gov/hosp	http://health.data.gov/def/hospital/$1
hpo	Hyperdimensional Polymer Ontology	http://w3id.org/emmo-hpo/hpo	http://w3id.org/emmo-hpo/hpo#$1
hpont	The Heat Pump Ontology (HPOnt).	https://w3id.org/hpont	https://w3id.org/hpont#$1
hr	hRESTS Ontology	http://iserve.kmi.open.ac.uk/ns/hrests	http://iserve.kmi.open.ac.uk/ns/hrests#$1
hto	Haystack Tagging Ontology	http://project-haystack.org/	http://vcharpenay.github.io/hto/hto.xml#$1
http	HTTP in RDF	http://www.w3.org/2011/http	http://www.w3.org/2011/http#$1
hw	Home Weather	https://www.auto.tuwien.ac.at/projectsites/thinkhome/ontologies.html	https://www.auto.tuwien.ac.at/downloads/thinkhome/ontology/WeatherOntology.owl$1
hydra	The Hydra Core Vocabulary	http://www.w3.org/ns/hydra/spec/latest/core/	http://www.w3.org/ns/hydra/core#$1
iadopt	I-ADOPT Framework ontology	https://w3id.org/iadopt/ont	https://w3id.org/iadopt/ont/$1
ibis	IBIS Vocabulary	https://privatealpha.com/ontology/ibis/1#	https://privatealpha.com/ontology/ibis/1#$1
ic	International Contact Ontology: Addresses, phone numbers and emails.	http://ontology.eil.utoronto.ca/icontact.owl	http://ontology.eil.utoronto.ca/icontact.owl#$1
icb	isCharacterisedBy ontology design pattern	https://w3id.org/isCharacterisedBy	https://w3id.org/isCharacterisedBy#$1
iddo	The Interconnected Data Dictionary Ontology (IDDO)	https://w3id.org/iddo	https://w3id.org/iddo#$1
idemo	Ontologie démographique de l'INSEE	http://rdf.insee.fr/def/demo	http://rdf.insee.fr/def/demo#$1
identity	Ontology of digital identity.	http://www.identity.org/ontologies/identity.owl	http://www.identity.org/ontologies/identity.owl#$1
ids	IDS Information Model	https://w3id.org/idsa/core	https://w3id.org/idsa/core/$1
ifc	IFC4_ADD1	https://w3id.org/ifc/IFC4_ADD1	https://w3id.org/ifc/IFC4_ADD1#$1
igeo	Ontologie géographique de l'INSEE	http://rdf.insee.fr/geo/index.html	http://rdf.insee.fr/def/geo#$1
ignf	Ontologie des systèmes de coordonnées de référence	http://data.ign.fr/def/ignf	http://data.ign.fr/def/ignf#$1
IIoT	Ontology for Industrial Internet of Things systems	https://ontoit.github.io/IIoT/IIoT.ttl	https://w3id.org/IIoT#$1
imo	The IMGpedia Ontology	http://imgpedia.dcc.uchile.cl/ontology	http://imgpedia.dcc.uchile.cl/ontology#$1
incident	Vocabulary to describe incident response by emergency services	http://vocab.resc.info/incident	http://vocab.resc.info/incident#$1
infor	Information Realization	http://www.ontologydesignpatterns.org/cp/owl/informationrealization.owl	http://www.ontologydesignpatterns.org/cp/owl/informationrealization.owl#$1
inno	Ontology for Innovation	http://purl.org/innovation/ns	http://purl.org/innovation/ns#$1
interval	Intervals Ontology	http://reference.data.gov.uk/def/intervals	http://reference.data.gov.uk/def/intervals/$1
intro	INTRO: the intertextual, interpictorial, and intermedial relations ontology	https://w3id.org/lso/intro/beta202408	https://w3id.org/lso/intro/beta202408#$1
ioc	IOC: Internet of Construction Ontology	http://w3id.org/ioc	http://w3id.org/ioc#$1
iol	Information Objects ontology	http://www.ontologydesignpatterns.org/ont/dul/IOLite.owl	http://www.ontologydesignpatterns.org/ont/dul/IOLite.owl#$1
iot-lite	Iot-lite ontology	http://purl.oclc.org/NET/UNIS/fiware/iot-lite#	http://purl.oclc.org/NET/UNIS/fiware/iot-lite#$1
ioto	IoT-O	http://www.irit.fr/recherches/MELODI/ontologies/IoT-O	http://www.irit.fr/recherches/MELODI/ontologies/IoT-O#$1
iottaxolite	The IoTTaxonomy-lite Taxonomy	http://purl.org/iot/vocab/iot-taxonomy-lite#	http://purl.org/iot/vocab/iot-taxonomy-lite#$1
ipo	IPO - Issue Procedure Ontology	http://purl.org/ipo/core	http://purl.org/ipo/core#$1
irao	Informatics Research Artifacts Ontology	http://ontology.ethereal.cz/irao	http://ontology.ethereal.cz/irao/$1
irw	The Identity of Resources on the Web ontology	http://www.ontologydesignpatterns.org/ont/web/irw.owl	http://www.ontologydesignpatterns.org/ont/web/irw.owl#$1
is	Info Service Ontology	http://purl.org/ontology/is/core#	http://purl.org/ontology/is/core#$1
isbd	ISBD elements	http://iflastandards.info/ns/isbd/elements/	http://iflastandards.info/ns/isbd/elements/$1
iso-thes	ISO 25964 SKOS extension	http://purl.org/iso25964/skos-thes	http://purl.org/iso25964/skos-thes#$1
iso37120	ISO 37120 indicator URIs	http://ontology.eil.utoronto.ca/ISO37120.html	http://ontology.eil.utoronto.ca/ISO37120.owl#$1
isoadr	ISO19160-1:2015 Address ontology	http://pid.data.gov.au/websrv/reference/def/ont/iso19160-1-address/ont.ttl	http://reference.data.gov.au/def/ont/iso19160-1-address#$1
isoprops	ISO 23386 Property Ontology (ISOProps)	https://w3id.org/isoprops	https://w3id.org/isoprops#$1
ispra	Ispra Ontology	http://dati.isprambiente.it/ontology/core#	http://dati.isprambiente.it/ontology/core#$1
istex	Istex ontology for scholarly documents and extracted entities	https://data.istex.fr/ontology/istex/	https://data.istex.fr/ontology/istex#$1
itm	Issue Tracking tool Model	http://spi-fm.uca.es/spdef/models/genericTools/itm/1.0	http://spi-fm.uca.es/spdef/models/genericTools/itm/1.0#$1
itsmo	IT Service Management Ontology	http://ontology.it/itsmo/v1/itsmo.html	http://ontology.it/itsmo/v1#$1
ivoam	Messengers	http://www.ivoa.net/rdf/messenger	http://www.ivoa.net/rdf/messenger#$1
jsonsc	JSON Schema in RDF	https://www.w3.org/2019/wot/json-schema#	https://www.w3.org/2019/wot/json-schema#$1
jup	Ontology of Building Accessibility	http://w3id.org/charta77/jup	http://w3id.org/charta77/jup/$1
juso	Juso Ontology	http://rdfs.co/juso/	http://rdfs.co/juso/$1
juso.kr	South Korea Extension to Juso Ontology	http://rdfs.co/juso/kr/	http://rdfs.co/juso/kr/$1
kdo	The Knowledge Diversity Ontology	http://kdo.render-project.eu/kdo#	http://kdo.render-project.eu/kdo#$1
kees	KEES Ontology	http://linkeddata.center/kees/v1	http://linkeddata.center/kees/v1#$1
keys	Keys Ontology	http://purl.org/NET/c4dm/keys.owl	http://purl.org/NET/c4dm/keys.owl#$1
kgc	KGRC Ontology	http://kgc.knowledge-graph.jp/ontology/kgc.owl	http://kgc.knowledge-graph.jp/ontology/kgc.owl#$1
km4c	km4city, the DISIT Knowledge Model for City and Mobility	http://www.disit.org/km4city/schema	http://www.disit.org/km4city/schema#$1
label	label	http://purl.org/net/vocab/2004/03/label	http://purl.org/net/vocab/2004/03/label#$1
lawd	Linking Ancient World Data Ontology	https://github.com/lawdi/LAWD	http://lawd.info/ontology/$1
lc	The Linked Connections ontology	http://semweb.mmlab.be/ns/linkedconnections#Ontology	http://semweb.mmlab.be/ns/linkedconnections#$1
lcy	Lifecycle Schema	http://purl.org/vocab/lifecycle/schema	http://purl.org/vocab/lifecycle/schema#$1
ldp	Linked Data Platform	http://www.w3.org/TR/ldp/	http://www.w3.org/ns/ldp#$1
ldr	Linked Data Rights (LDR)	http://oeg-dev.dia.fi.upm.es/licensius/static/ldr/	http://purl.oclc.org/NET/ldr/ns#$1
ldvm	Vocabulary for Linked Data Visualization Model	http://linked.opendata.cz/ontology/ldvm/	http://linked.opendata.cz/ontology/ldvm/$1
lemon	LExicon Model for ONtologies	http://www.lemon-model.net/	http://lemon-model.net/lemon#$1
lexdcp	Lexicon Model for Ontologies - Decomp	http://www.w3.org/ns/lemon/decomp	http://www.w3.org/ns/lemon/decomp#$1
lexinfo	LexInfo Ontology	http://www.lexinfo.net/ontology/2.0/lexinfo	http://www.lexinfo.net/ontology/2.0/lexinfo#$1
lgdo	LinkedGeoData ontology	http://linkedgeodata.org/Datasets	http://linkedgeodata.org/ontology/$1
lh	LegalHTML Ontology	https://w3id.org/legalhtml/ov	https://w3id.org/legalhtml/ov#$1
li	OWL representation of ISO 19115 (Geographic Information - Metadata - Lineage package)	http://def.seegrid.csiro.au/isotc211/iso19115/2003/lineage	http://def.seegrid.csiro.au/isotc211/iso19115/2003/lineage#$1
lib	Library extension of schema.org	http://purl.org/library/	http://purl.org/library/$1
lifecycle	IoT-Lifecycle	http://www.irit.fr/recherches/MELODI/ontologies/IoT-Lifecycle	http://purl.org/vocab/lifecycle/schema#$1
lime	Lexicon Model for Ontologies - LIngusitic MEtadata (LIME)	http://www.w3.org/ns/lemon/lime	http://www.w3.org/ns/lemon/lime#$1
limo	Linked Statistical Models Vocabulary	http://purl.org/limo-ontology/limo/	http://purl.org/limo-ontology/limo#$1
limoo	License Model Ontology	http://purl.org/LiMo/0.1#	http://purl.org/LiMo/0.1#$1
lingvo	The Lingvoj Ontology	https://lingvoj.linkedvocabs.org/	https://w3id.org/vocab/lingvoj#$1
lio	Lightweight Image Ontology	http://purl.org/net/lio	http://purl.org/net/lio#$1
llont	LinkLion - the Link Discovery Portal	http://www.linklion.org/ontology	http://www.linklion.org/ontology#$1
lmm1	Lexical MetaModel Level 1	http://www.ontologydesignpatterns.org/ont/lmm/LMM_L1.owl	http://www.ontologydesignpatterns.org/ont/lmm/LMM_L1.owl#$1
lmm2	Lexical MetaModel Level 2	http://www.ontologydesignpatterns.org/ont/lmm/LMM_L2.owl	http://www.ontologydesignpatterns.org/ont/lmm/LMM_L2.owl#$1
loc	Vocabulario de Localizaciones	http://purl.org/ctic/infraestructuras/localizacion	http://purl.org/ctic/infraestructuras/localizacion#$1
locah	The LOCAH RDF Vocabulary	http://data.archiveshub.ac.uk/about.html	http://data.archiveshub.ac.uk/def/$1
locn	ISA Programme Location Core Vocabulary	http://www.w3.org/ns/locn	http://www.w3.org/ns/locn#$1
lode	Linking Open Descriptions of Events	http://linkedevents.org/ontology/	http://linkedevents.org/ontology/$1
log	SWAP Logic Ontology	http://www.w3.org/2000/10/swap/doc/CwmBuiltins	http://www.w3.org/2000/10/swap/log#$1
loin	Level of Information Need (LOIN) Ontology	https://w3id.org/loin	https://w3id.org/loin#$1
lom	Learning Object Metadata Ontology	http://data.opendiscoveryspace.eu/	http://data.opendiscoveryspace.eu/lom_ontology_ods.owl#$1
losp	Linked open specialities RF	http://sparql.sstu.ru:3030/speciality/	http://sparql.sstu.ru:3030/speciality/$1
loted	LOTED ontology	http://loted.eu/	http://loted.eu/ontology#$1
lsc	Linked Science Core Vocabulary	http://linkedscience.org/lsc/ns#	http://linkedscience.org/lsc/ns#$1
lslife	ELSEWeb Lifemapper Ontology	http://elseweb.cybershare.utep.edu/ontologies	http://ontology.cybershare.utep.edu/ELSEWeb/elseweb-lifemapper.owl#$1
lsmap	ELSEWeb Mappings Ontology	http://ontology.cybershare.utep.edu/ELSEWeb/mappings/elseweb-mappings.owl	http://ontology.cybershare.utep.edu/ELSEWeb/elseweb-data.owl#$1
lsq	The Linked SPARQL Queries Vocabulary (LSQ(V))	http://aksw.github.io/LSQ/	http://lsq.aksw.org/vocab#$1
lsweb	ELSEWeb Data Ontology	http://elseweb.cybershare.utep.edu/ontologies	http://ontology.cybershare.utep.edu/ELSEWeb/elseweb-data.owl#$1
lswmo	ELSEWeb Modelling Ontology	http://ontology.cybershare.utep.edu/ELSEWeb/elseweb-modelling.owl	http://ontology.cybershare.utep.edu/ELSEWeb/elseweb-modelling.owl#$1
lswpm	ELSEWeb Lifemapper Parameters Ontology	http://elseweb.cybershare.utep.edu/ontologies	http://ontology.cybershare.utep.edu/ELSEWeb/elseweb-lifemapper-parameters.owl#$1
ludo	Ludo Ontology	http://ns.inria.fr/ludo	http://ns.inria.fr/ludo$1
ludo-gm	Ludo Game Model Ontology	http://ns.inria.fr/ludo/v1/gamemodel#	http://ns.inria.fr/ludo/v1/gamemodel#$1
ludo-gp	Ludo - Game Presentation	http://ns.inria.fr/ludo/v1/gamepresentation#	http://ns.inria.fr/ludo/v1/gamepresentation#$1
ludo-vc	Ludo - Virtual Context	http://ns.inria.fr/ludo/v1/virtualcontext#	http://ns.inria.fr/ludo/v1/virtualcontext#$1
ludo-xapi	Experience API (xAPI)	http://ns.inria.fr/ludo/v1/xapi	http://ns.inria.fr/ludo/v1/xapi#$1
lv	lobid vocab	http://purl.org/lobid/lv	http://purl.org/lobid/lv#$1
lvont	Lexvo.org Ontology	http://www.lexvo.org/	http://lexvo.org/ontology#$1
lyou	Linking-you vocabulary	http://purl.org/linkingyou/	http://purl.org/linkingyou/$1
m3lite	The Machine-to-Machine Measurement (M3) Lite Ontology	http://purl.org/iot/vocab/m3-lite#	http://purl.org/iot/vocab/m3-lite#$1
ma-ont	Ontology for Media Resources	http://www.w3.org/TR/mediaont-10/	http://www.w3.org/ns/ma-ont#$1
mads	Metadata Authority Description Schema	http://www.loc.gov/standards/mads/rdf/	http://www.loc.gov/mads/rdf/v1#$1
marl	Marl Ontology Specification	http://www.gsi.dit.upm.es/ontologies/marl/	http://www.gsi.dit.upm.es/ontologies/marl/ns#$1
maso	Sécurité Agents Mobiles	http://securitytoolbox.appspot.com/MASO	http://securitytoolbox.appspot.com/MASO#$1
md	OWL representation of ISO 19115	http://def.seegrid.csiro.au/isotc211/iso19115/2003/metadata	http://def.seegrid.csiro.au/isotc211/iso19115/2003/metadata#$1
mdi	RDF vocabulary to describe a Multidimensional Interface.	https://w3id.org/multidimensional-interface/ontology	https://w3id.org/multidimensional-interface/ontology#$1
mdo	Materials Design Ontology - Full	https://w3id.org/mdo/full/	https://w3id.org/mdo/full/$1
mdo-calc	Materials Design Ontology - Calculation Module	https://w3id.org/mdo/calculation/	https://w3id.org/mdo/calculation/$1
mdo-struc	Materials Design Ontology - Structure Module	https://w3id.org/mdo/structure/	https://w3id.org/mdo/structure/$1
mdoprov	Materials Design Ontology - Provenance Module	https://w3id.org/mdo/provenance/	https://w3id.org/mdo/provenance/$1
mdr	The Semantic Turkey metadata registry ontology	http://semanticturkey.uniroma2.it/ns/mdr	http://semanticturkey.uniroma2.it/ns/mdr#$1
meb	The myExperiment Base Ontology	http://rdf.myexperiment.org/ontologies/base/	http://rdf.myexperiment.org/ontologies/base/$1
media	The Media RDF Vocabulary	http://purl.org/media	http://purl.org/media#$1
medred	MedRed ontology: clinical data acquisition model	http://w3id.org/medred/medred#	http://w3id.org/medred/medred#$1
mexalgo	MEX Algorithm Ontology	http://mex.aksw.org/mex-algo	http://mex.aksw.org/mex-algo#$1
mexcore	MEX Core Vocabulary	http://mex.aksw.org/mex-core	http://mex.aksw.org/mex-core#$1
mexperf	MEX Performance Ontology	http://mex.aksw.org/mex-perf	http://mex.aksw.org/mex-perf#$1
mil	Military Ontology Specification	http://rdf.muninn-project.org/ontologies/military	http://rdf.muninn-project.org/ontologies/military#$1
mls	Machine Learning Schema	http://ml-schema.github.io/documentation/	http://www.w3.org/ns/mls#$1
mo	Music Ontology	http://musicontology.com/	http://purl.org/ontology/mo/$1
moac	Management of a Crisis Vocabulary	http://www.observedchange.com/moac/ns#	http://observedchange.com/moac/ns#$1
moat	Meaning of a Tag Ontology	http://moat-project.org/ns#	http://moat-project.org/ns#$1
mod	MOD: Metadata for Ontology Description and publication	http://www.isibang.ac.in/ns/mod	http://www.isibang.ac.in/ns/mod#$1
modp	Metadata for Ontology Description and publication	https://w3id.org/mod	https://w3id.org/mod#$1
modsci	ModSci, Modern Science Ontology.	https://w3id.org/skgo/modsci#	https://w3id.org/skgo/modsci#$1
mrel	MARC Code List for Relators	http://id.loc.gov/vocabulary/relators	http://id.loc.gov/vocabulary/relators/$1
msm	Minimal Service Model	http://iserve.kmi.open.ac.uk/ns/msm	http://iserve.kmi.open.ac.uk/ns/msm#$1
mso-em	MSO-EM: Ontologies for modelling, simulation, optimization (MSO) and epistemic metadata (EM)	https://www.purl.org/mso-em	https://www.purl.org/mso-em#$1
msr	Measurement Ontology	http://www.telegraphis.net/ontology/measurement/measurement#	http://www.telegraphis.net/ontology/measurement/measurement#$1
mtlo	MarineTLO Ontology	http://www.ics.forth.gr/isl/MarineTLO/	http://www.ics.forth.gr/isl/MarineTLO/v4/marinetlo.owl#$1
munc	Meta-Uncertainty	http://ns.inria.fr/munc/	http://ns.inria.fr/munc#$1
mus	DOREMUS is an extension of the FRBRoo model for describing the music.	https://github.com/DOREMUS-ANR/doremus-ontology	http://data.doremus.org/ontology#$1
music	Music Vocabulary	http://www.kanzaki.com/ns/music	http://www.kanzaki.com/ns/music#$1
muto	Modular Unified Tagging Ontology (MUTO)	http://purl.org/muto	http://purl.org/muto/core#$1
mv	MobiVoc: Open Mobility Vocabulary	http://schema.mobivoc.org/	http://schema.mobivoc.org/$1
mvco	Media Value Chain Ontology	http://dmag.ac.upc.edu/ontologies/mvco/	http://purl.oclc.org/NET/mvco.owl#$1
nao	NEPOMUK Annotation Ontology	http://www.semanticdesktop.org/ontologies/	http://www.semanticdesktop.org/ontologies/2007/08/15/nao#$1
nas	US National Airspace System (NAS) vocabulary	https://data.nasa.gov/ontologies/atmonto/NAS#	https://data.nasa.gov/ontologies/atmonto/NAS#$1
ncal	NEPOMUK Calendar Ontology	http://www.semanticdesktop.org/ontologies/2007/04/02/ncal/	http://www.semanticdesktop.org/ontologies/2007/04/02/ncal#$1
nco	NEPOMUK Contact Ontology	http://www.semanticdesktop.org/ontologies/	http://www.semanticdesktop.org/ontologies/2007/03/22/nco#$1
nen2660	NEN 2660-2:2022 'Rules for information modelling of the built environment - Part 2: Practical configuration, extension and implementation of NEN 2660-1''	https://w3id.org/nen2660/	https://w3id.org/nen2660/def#$1
nen3610	NEN 3610 - Basismodel geo-informatie	https://geonovum.github.io/nen3610-werkomgeving	http://modellen.geostandaarden.nl/def/nen3610#$1
nfo	NEPOMUK File Ontology	http://www.semanticdesktop.org/ontologies	http://www.semanticdesktop.org/ontologies/2007/03/22/nfo#$1
ngeo	NeoGeo Geometry Ontology	http://geovocab.org/geometry.html	http://geovocab.org/geometry#$1
nie	NEPOMUK Information Element Core Ontology	http://www.semanticdesktop.org/ontologies/	http://www.semanticdesktop.org/ontologies/2007/01/19/nie#$1
nif	NLP Interchange Format	http://persistence.uni-leipzig.org/nlp2rdf/ontologies/nif-core#	http://persistence.uni-leipzig.org/nlp2rdf/ontologies/nif-core#$1
nlon	National Library of Korea Ontology	http://lod.nl.go.kr/ontology/	http://lod.nl.go.kr/ontology/$1
nno	The Neural Network Ontology	https://w3id.org/nno/ontology	https://w3id.org/nno/ontology#$1
noria	The NORIA Ontology	https://w3id.org/noria/ontology/	https://w3id.org/noria/ontology/$1
np	Nano publication ontology	http://www.nanopub.org/2013/WD-guidelines-20131215/	http://www.nanopub.org/nschema#$1
npg	Nature.com Core Ontology	http://www.nature.com/ontologies/	http://ns.nature.com/terms/$1
nrl	NEPOMUK Representational Language	http://www.semanticdesktop.org/ontologies/	http://www.semanticdesktop.org/ontologies/2007/08/15/nrl#$1
nrv	Normative Requirements Vocabulary	http://ns.inria.fr/nrv	http://ns.inria.fr/nrv#$1
nsl	A News Storyline Ontology	http://www.bbc.co.uk/ontologies/storyline/2013-05-01.html	http://purl.org/ontology/storyline/$1
ntag	Nice Tag Ontology	http://ns.inria.fr/nicetag/2010/09/09/voc.html	http://ns.inria.fr/nicetag/2010/09/09/voc#$1
nyon	NyOn: A Multilingual Legal Ontology for Globalized Judicial System	https://w3id.org/def/nyon#	https://w3id.org/def/nyon#$1
oad	Ontology for archival description	http://culturalis.org/oad#	http://culturalis.org/oad#$1
oae	Open NEE Model	http://www.ics.forth.gr/isl/oae/core	http://www.ics.forth.gr/isl/oae/core#$1
oan	Ontologie de l'Assemblée Nationale	http://data.lirmm.fr/ontologies/oan	http://data.lirmm.fr/ontologies/oan/$1
obsm	Observation Method Ontology	http://rdf.geospecies.org/methods/observationMethod.rdf	http://rdf.geospecies.org/methods/observationMethod#$1
obws	Object with states ontology	http://delicias.dia.fi.upm.es/ontologies/ObjectWithStates.owl	http://delicias.dia.fi.upm.es/ontologies/ObjectWithStates.owl#$1
oc	OntoMedia Core	http://contextus.net/ontology/ontomedia/core/expression#	http://contextus.net/ontology/ontomedia/core/expression#$1
ocd	Ontologia Camera dei Deputati	http://dati.camera.it/ocd/reference_document/	http://dati.camera.it/ocd/$1
ocds	Schema for an Open Contracting Release (OCDS)	https://github.com/ColinMaudry/open-contracting-ld	http://purl.org/onto-ocds/ocds#$1
och	OWL Change Ontology	https://w3id.org/def/och#	https://w3id.org/def/och#$1
ocmv	OntoUML/UFO Catalog Metadata Vocabulary	https://w3id.org/ontouml-models/vocabulary	https://w3id.org/ontouml-models/vocabulary#$1
odapp	Open Data Applications Vocabulary	http://vocab.deri.ie/odapp	http://vocab.deri.ie/odapp#$1
odapps	The vocabulary for (L)OD ideas and applications	http://semweb.mmlab.be/ns/odapps	http://semweb.mmlab.be/ns/odapps#$1
odpart	Ontology Design Pattern Participation	http://www.ontologydesignpatterns.org/cp/owl/participation.owl	http://www.ontologydesignpatterns.org/cp/owl/participation.owl#$1
odrs	Open Data Rights Statement Vocabulary	http://schema.theodi.org/odrs	http://schema.theodi.org/odrs#$1
odv	Organogram Data Vocabulary	http://reference.data.gov.uk/def/organogram	http://reference.data.gov.uk/def/organogram/$1
oecc	Extended Creative Commons Ontology	http://www.oegov.org/core/owl/cc	http://www.oegov.org/core/owl/cc#$1
of	Open Fridge vocabulary	http://owlrep.eu01.aws.af.cm/fridge	http://owlrep.eu01.aws.af.cm/fridge#$1
ofo	Occupant Feedback Ontology	https://w3id.org/ofo#	https://w3id.org/ofo#$1
ofrd	Fridge and Freezer Vocabulary	http://purl.org/opdm/refrigerator#	http://purl.org/opdm/refrigerator#$1
og	Open Graph Protocol Vocabulary	http://ogp.me/	http://ogp.me/ns#$1
oh	The Opening Hours vocabulary	https://github.com/pietercolpaert/openinghoursontology	http://semweb.mmlab.be/ns/oh#$1
okh	Open Know How (OKH) ontology	https://w3id.org/oseg/ont/okh	https://w3id.org/oseg/ont/okh#$1
olca	Ontology Loose Coupling Annotation	https://w3id.org/vocab/olca	https://w3id.org/vocab/olca#$1
olo	Ordered List Ontology	http://smiy.sourceforge.net/olo/spec/orderedlistontology.html	http://purl.org/ontology/olo/core#$1
om	ISO 19156 Observation Model	http://def.seegrid.csiro.au/isotc211/iso19156/2011/observation	http://def.seegrid.csiro.au/isotc211/iso19156/2011/observation#$1
omg	OMG: Ontology for Managing Geometry	https://w3id.org/omg	https://w3id.org/omg#$1
oml	OWL for Observations	http://def.seegrid.csiro.au/ontology/om/om-lite	http://def.seegrid.csiro.au/ontology/om/om-lite#$1
omn	Open-Multinet Upper Ontology	http://open-multinet.info/ontology/omn	http://open-multinet.info/ontology/omn#$1
omnfed	Open-Multinet Upper Federation Ontology	http://open-multinet.info/ontology/omn-federation	http://open-multinet.info/ontology/omn-federation#$1
omnlc	Open-Multinet Upper Lifecycle Ontology	http://open-multinet.info/ontology/omn-lifecycle	http://open-multinet.info/ontology/omn-lifecycle#$1
onc	Open NEE Configuration Model	http://www.ics.forth.gr/isl/oncm/core	http://www.ics.forth.gr/isl/oncm/core#$1
ont	Ontology annotation DLiser vocabulary	http://purl.org/net/ns/ontology-annot	http://purl.org/net/ns/ontology-annot#$1
ontolex	Lexicon Model for Ontologies - Core	https://www.w3.org/2016/05/ontolex/	http://www.w3.org/ns/lemon/ontolex#$1
ontopic	Ontopic Ontology	http://www.ontologydesignpatterns.org/ont/dul/ontopic.owl	http://www.ontologydesignpatterns.org/ont/dul/ontopic.owl#$1
ontosec	Ontology Security	http://www.semanticweb.org/ontologies/2008/11/OntologySecurity.owl	http://www.semanticweb.org/ontologies/2008/11/OntologySecurity.owl#$1
ontouml	OntoUML Metamodel Vocabulary	https://w3id.org/ontouml	https://w3id.org/ontouml#$1
onyx	Onyx Emotion Ontology	http://www.gsi.dit.upm.es/ontologies/onyx/	http://www.gsi.dit.upm.es/ontologies/onyx/ns#$1
oo	Open Organisations	http://neologism.ecs.soton.ac.uk/oo	http://purl.org/openorg/$1
op	Observable properties	http://environment.data.gov.au/def/op	http://environment.data.gov.au/def/op#$1
open311	Open 311 Ontology: An Ontology for publishing a city's non-emergency events.	http://ontology.eil.utoronto.ca/open311.owl	http://ontology.eil.utoronto.ca/open311#$1
opm	OPM: Ontology for Property Management	https://w3id.org/opm	https://w3id.org/opm#$1
opmo	Open Provenance Model	http://openprovenance.org/model/opmo	http://openprovenance.org/model/opmo#$1
opmv	Open Provenance Model Vocabulary	http://purl.org/net/opmv/ns#	http://purl.org/net/opmv/ns#$1
opmw	The OPMW Ontology	http://www.opmw.org/ontology/	http://www.opmw.org/ontology/$1
opo	Online Presence Ontology	http://online-presence.net/opo/spec/	http://online-presence.net/opo/ns#$1
opus	SwetoDblp Ontology of Computer Science Publications	http://knoesis.wright.edu/library/ontologies/swetodblp/	http://lsdis.cs.uga.edu/projects/semdis/opus#$1
orca	orca, the Ontology of Reasoning, Certainty and Attribution	http://vocab.deri.ie/orca.html	http://vocab.deri.ie/orca#$1
ore	The OAI ORE terms vocabulary	http://www.openarchives.org/ore/vocabulary	http://www.openarchives.org/ore/terms/$1
org	Core organization ontology	http://www.w3.org/TR/vocab-org/	http://www.w3.org/ns/org#$1
orges	Ontology about Spanish public organizations	http://datos.gob.es/def/sector-publico/organizacion#	http://datos.gob.es/def/sector-publico/organizacion#$1
osadm	The administrative geography and civil voting area ontology	http://data.ordnancesurvey.co.uk/ontology/admingeo/	http://data.ordnancesurvey.co.uk/ontology/admingeo/$1
osgeom	Ordnance Survey Geometry Ontology	http://data.ordnancesurvey.co.uk/ontology/geometry/	http://data.ordnancesurvey.co.uk/ontology/geometry/$1
oslo	OSLO Exchange Standard	http://purl.org/oslo/ns/localgov	http://purl.org/oslo/ns/localgov#$1
osp	Ontologie du Service Public	http://data.lirmm.fr/ontologies/osp	http://data.lirmm.fr/ontologies/osp#$1
osr	OntoMedia Space Representation	http://contextus.net/ontology/ontomedia/core/space#	http://contextus.net/ontology/ontomedia/core/space#$1
osspr	Spatial Relations Ontology	http://data.ordnancesurvey.co.uk/ontology/spatialrelations/	http://data.ordnancesurvey.co.uk/ontology/spatialrelations/$1
ostop	Ordnance Survey Topography Ontology	http://www.ordnancesurvey.co.uk/ontology/Topography/v0.1/Topography.owl	http://www.ordnancesurvey.co.uk/ontology/Topography/v0.1/Topography.owl#$1
otl	The Open Traffic Lights ontology	https://w3id.org/opentrafficlights	https://w3id.org/opentrafficlights#$1
oum	Ontology of units of Measure (OM)	http://www.ontology-of-units-of-measure.org/resource/om-2/	http://www.ontology-of-units-of-measure.org/resource/om-2/$1
ov	OpenVocab	http://open.vocab.org/terms	http://open.vocab.org/terms/$1
p-plan	The P-PLAN Ontology	http://www.opmw.org/model/p-plan/	http://purl.org/net/p-plan#$1
parl	Parliament Ontology	http://reference.data.gov.uk/def/parliament	http://reference.data.gov.uk/def/parliament/$1
part	Participation Schema	http://purl.org/vocab/participation/schema	http://purl.org/vocab/participation/schema#$1
passim	PASSIM ontology	http://data.lirmm.fr/ontologies/passim	http://data.lirmm.fr/ontologies/passim#$1
pat	Patch Request Ontology	http://patchr.s16a.org/ontologies/patchr.html	http://purl.org/hpi/patchr#$1
pattern	The Pattern Ontology	http://www.essepuntato.it/2008/12/pattern	http://www.essepuntato.it/2008/12/pattern#$1
pay	Payments ontology	http://data.gov.uk/resources/payments	http://reference.data.gov.uk/def/payment#$1
pbo	Play Back Ontology	http://purl.org/ontology/pbo/core#	http://purl.org/ontology/pbo/core#$1
pc	Public Contracts Ontology	http://purl.org/procurement/public-contracts	http://purl.org/procurement/public-contracts#$1
pd	Personal Data Categories	https://w3id.org/dpv/pd	https://w3id.org/dpv/pd#$1
pdo	Project Documents Ontology	http://vocab.deri.ie/pdo	http://ontologies.smile.deri.ie/pdo#$1
peco	The Provenance of Emission Calculations Ontology	https://w3id.org/peco	https://w3id.org/peco#$1
pep	Process Execution ontology.	https://w3id.org/pep/	https://w3id.org/pep/$1
person	ISA Programme Person Core Vocabulary	http://www.w3.org/ns/person	http://www.w3.org/ns/person#$1
pext	PROTON Extent module	http://www.ontotext.com/proton-ontology	http://www.ontotext.com/proton/protonext#$1
phdd	Physical Data Description	http://www.ddialliance.org/Specification/RDF/PHDD	http://rdf-vocabulary.ddialliance.org/phdd#$1
pico	Cochrane PICO Ontology	https://data.cochrane.org/ontologies/pico/index-en.html	http://data.cochrane.org/ontologies/pico/$1
pimsii	Physicalistic Interpretation of Modelling and Simulation - Interoperability Infrastructure (PIMS-II)	http://www.molmod.info/semantics/pims-ii.ttl	http://www.molmod.info/semantics/pims-ii.ttl#$1
place	The Places Ontology	http://purl.org/ontology/places	http://purl.org/ontology/places#$1
plink	PersonLink Ontology	http://cedric.cnam.fr/isid/ontologies/PersonLink.owl	http://cedric.cnam.fr/isid/ontologies/PersonLink.owl#$1
plo	Playlist Ontology	http://purl.org/net/po#	http://purl.org/net/po#$1
pmlp	PML2 provenance ontology	http://inference-web.org/2.0/pml-provenance.owl	http://inference-web.org/2.0/pml-provenance.owl#$1
pmofn	Predicate Model for Ontologies (PreMOn) - FrameNet ontology module	http://premon.fbk.eu/ontology/fn	http://premon.fbk.eu/ontology/fn#$1
pmonb	Predicate Model for Ontologies (PreMOn) - NomBank ontology module	http://premon.fbk.eu/ontology/nb	http://premon.fbk.eu/ontology/nb#$1
pmopb	Predicate Model for Ontologies (PreMOn) - PropBank ontology module	http://premon.fbk.eu/ontology/pb	http://premon.fbk.eu/ontology/pb#$1
pmovn	Predicate Model for Ontologies (PreMOn) - VerbNet ontology module	http://premon.fbk.eu/ontology/vn	http://premon.fbk.eu/ontology/vn#$1
pna	Press.net Asset Ontology	http://data.press.net/ontology/asset/	http://data.press.net/ontology/asset/$1
pnc	Press.net Classification Ontology	http://data.press.net/ontology/classification/	http://data.press.net/ontology/classification/$1
pne	Press.net Event Ontology	http://data.press.net/ontology/event/	http://data.press.net/ontology/event/$1
pni	SNaP Identifier Ontology	http://data.press.net/ontology/	http://data.press.net/ontology/identifier/$1
pns	Press.net Stuff Ontology	http://data.press.net/ontology/stuff/	http://data.press.net/ontology/stuff/$1
pnt	Press.net Tag Ontology	http://data.press.net/ontology/tag/	http://data.press.net/ontology/tag/$1
po	Programmes ontology	http://www.bbc.co.uk/ontologies/programmes/2009-09-07.shtml	http://purl.org/ontology/po/$1
poder	Poder Vocabulary	http://dev.poderopedia.com/documentation/index	http://dev.poderopedia.com/vocab/$1
poso	Positioning System Ontology	http://purl.org/poso/	http://purl.org/poso/$1
posocm	Positioning System Ontology Common Technologies, Algorithms and Systems	http://purl.org/poso/common/	http://purl.org/poso/common/$1
postcode	Postcode Ontology	http://data.ordnancesurvey.co.uk/ontology/postcode/	http://data.ordnancesurvey.co.uk/ontology/postcode/$1
poste	Ontologie de la Poste	http://data.lirmm.fr/ontologies/poste	http://data.lirmm.fr/ontologies/poste#$1
ppo	Privacy Preference Ontology	http://vocab.deri.ie/ppo	http://vocab.deri.ie/ppo#$1
pproc	PPROC ontology	http://contsem.unizar.es/def/sector-publico/pproc.html	http://contsem.unizar.es/def/sector-publico/pproc#$1
pr	Property Reification Vocabulary	http://purl.org/ontology/prv/core#	http://purl.org/ontology/prv/core#$1
premis	PREMIS Ontology	http://id.loc.gov/ontologies/premis.html	http://www.loc.gov/premis/rdf/v1#$1
prissma	Presentation of Resources for Interoperable Semantic and Shareable Mobile Adaptability	http://ns.inria.fr/prissma/v1/prissma_v1.html	http://ns.inria.fr/prissma/v2#$1
pro	The Publishing Roles Ontology	http://purl.org/spar/pro	http://purl.org/spar/pro/$1
prof	Profiles Vocabulary	http://www.w3.org/ns/dx/prof	http://www.w3.org/ns/dx/prof/$1
prog	The Event Programme Vocabulary	http://purl.org/prog/	http://purl.org/prog/$1
provoc	Product Vocabulary	http://ns.inria.fr/provoc	http://ns.inria.fr/provoc#$1
prv	Provenance Vocabulary Core Ontology	http://purl.org/net/provenance/ns#	http://purl.org/net/provenance/ns#$1
prvt	Provenance Vocabulary types	http://purl.org/net/provenance/types#	http://purl.org/net/provenance/types#$1
psh	Probabilistic SHACL Validation	http://ns.inria.fr/probabilistic-shacl/psh.html	http://ns.inria.fr/probabilistic-shacl/$1
psn	Product Supply Network Vocabulary	https://purl.org/psn/vocab#	http://purl.org/dc/terms/$1
pso	The Publishing Status Ontology	http://purl.org/spar/pso	http://purl.org/spar/pso/$1
ptop	PROTON (Proto Ontology), Top Module	http://www.ontotext.com/proton-ontology	http://www.ontotext.com/proton/protontop#$1
pubsub	Eccenca Publish-Subscribe Vocabulary	https://vocab.eccenca.com/pubsub/	https://vocab.eccenca.com/pubsub/$1
puv	Parameter Usage Vocabulary ontology	https://github.com/nvs-vocabs/P01	https://w3id.org/env/puv#$1
qb4o	Vocabulary for publishing OLAP data cubes	http://purl.org/qb4olap/cubes	http://purl.org/qb4olap/cubes#$1
qu	Quantity Kinds and Units	http://purl.oclc.org/NET/ssnx/qu/qu	http://purl.oclc.org/NET/ssnx/qu/qu#$1
r-arco	ArCo Ontology (ArCo network)	https://w3id.org/arco/ontology/arco	https://w3id.org/arco/ontology/arco/$1
r4r	Relations for Reusing (R4R) Ontology	http://guava.iis.sinica.edu.tw/r4r	http://guava.iis.sinica.edu.tw/r4r/$1
radion	Repository Asset Distribution	http://www.w3.org/ns/radion#	http://www.w3.org/ns/radion#$1
rains	The RAInS Ontology	https://w3id.org/rains	https://w3id.org/rains#$1
rami	rami - Reference Architecture Model	https://w3id.org/i40/rami/	http://iais.fraunhofer.de/vocabs/rami#$1
raul	RAUL Vocabulary	http://vocab.deri.ie/raul.html	http://purl.org/NET/raul#$1
rb	RiverBench metadata ontology	https://w3id.org/riverbench/schema/metadata	https://w3id.org/riverbench/schema/metadata#$1
rbdoc	RiverBench documentation ontology	https://w3id.org/riverbench/schema/documentation	https://w3id.org/riverbench/schema/documentation#$1
rdaa	RDA Agent properties	https://github.com/RDARegistry/RDA-Vocabularies/	http://rdaregistry.info/Elements/a/$1
rdac	RDA Classes	https://github.com/RDARegistry/RDA-Vocabularies/blob/master/ttl/Elements/c.ttl	http://rdaregistry.info/Elements/c/$1
rdae	RDA Expression properties	http://rdaregistry.info/Elements/e	http://rdaregistry.info/Elements/e/$1
rdafrbr	FRBR Entities for RDA	http://rdvocab.info/uri/schema/FRBRentitiesRDA	http://rdvocab.info/uri/schema/FRBRentitiesRDA/$1
rdag1	RDA Group 1 Elements	http://rdvocab.info/Elements	http://rdvocab.info/Elements/$1
rdag2	RDA Group 2 Elements	http://rdvocab.info/ElementsGr2	http://rdvocab.info/ElementsGr2/$1
rdag3	RDA Group 3 Elements	http://rdvocab.info/ElementsGr3	http://rdvocab.info/ElementsGr3/$1
rdai	RDA Item properties	https://github.com/RDARegistry/RDA-Vocabularies/blob/master/ttl/Elements/i.ttl	http://rdaregistry.info/Elements/i/$1
rdam	RDA Manifestation properties	https://github.com/RDARegistry/RDA-Vocabularies/	http://rdaregistry.info/Elements/m/$1
rdarel	RDA Relationships for Works, Expressions, Manifestations, Items	http://rdvocab.info/RDARelationshipsWEMI	http://rdvocab.info/RDARelationshipsWEMI/$1
rdarel2	RDA Relationships GR2	http://metadataregistry.org/uri/schema/RDARelationshipsGR2	http://metadataregistry.org/uri/schema/RDARelationshipsGR2/$1
rdarole	RDA Roles	http://dublincore.org/dcmirdataskgroup	http://rdvocab.info/roles/$1
rdau	RDA Unconstrained properties	http://rdaregistry.info/Elements/u	http://rdaregistry.info/Elements/u/$1
rdaw	RDA Work properties	https://github.com/RDARegistry/RDA-Vocabularies/blob/master/ttl/Elements/w.ttl	http://rdaregistry.info/Elements/w/$1
rdfg	Graph	http://www.w3.org/2004/03/trix/	http://www.w3.org/2004/03/trix/rdfg-1/$1
rdfp	The RDF Presentation ontology	https://w3id.org/rdfp/	https://w3id.org/rdfp/$1
rdft	The RDF 1.1 Test Vocabulary	http://www.w3.org/ns/rdftest	http://www.w3.org/ns/rdftest#$1
react	The REACT Ontology	https://w3id.org/react	https://w3id.org/react#$1
rec	Recommendation Ontology	http://purl.org/ontology/rec/core#	http://purl.org/ontology/rec/core#$1
rec54	Model of the W3C Process	http://www.w3.org/2001/02pd/rec54#	http://www.w3.org/2001/02pd/rec54#$1
reco	RECommendations Ontology	http://purl.org/reco#	http://purl.org/reco#$1
reegle	Renewable Energy and Energy Efficiency	http://reegle.info/schema	http://reegle.info/schema#$1
rel	Relationship	http://vocab.org/relationship/.html	http://purl.org/vocab/relationship/$1
remetca	ReMetCa Ontology	http://www.purl.org/net/remetca#	http://www.purl.org/net/remetca#$1
rev	Review Vocabulary	http://purl.org/stuff/rev#	http://purl.org/stuff/rev#$1
rico	International Council on Archives Records in Contexts Ontology (ICA RiC-O)	https://www.ica.org/standards/RiC/RiC-O_v0-2.html	https://www.ica.org/standards/RiC/ontology#$1
rlog	RDF Logging Ontology	http://persistence.uni-leipzig.org/nlp2rdf/ontologies/rlog#	http://persistence.uni-leipzig.org/nlp2rdf/ontologies/rlog#$1
rml	RML: Generic Mapping Language for RDF	http://w3id.org/rml/core	http://w3id.org/rml/$1
rml-cc	RML-Containers	http://w3id.org/rml/cc/	http://w3id.org/rml/$1
rml-fnml	RML-FNML	http://w3id.org/rml/fnml/	http://w3id.org/rml/$1
rml-io	RML-IO: Source and Target	http://w3id.org/rml/io/	http://w3id.org/rml/$1
rml-star	RML-star	http://w3id.org/rml/star/	http://w3id.org/rml/$1
ro	The Research Object Ontology	http://purl.org/wf4ever/ro	http://purl.org/wf4ever/ro#$1
roh	The ASIO ontology	http://w3id.org/roh	http://w3id.org/roh#$1
rooms	Buildings and Rooms Vocabulary	http://vocab.deri.ie/rooms.html	http://vocab.deri.ie/rooms#$1
rov	Registered Organization Vocabulary	http://www.w3.org/2011/gld/	http://www.w3.org/ns/regorg#$1
rr	RDB to RDF Mapping Language Schema	http://www.w3.org/TR/r2rml/	http://www.w3.org/ns/r2rml#$1
rsctx	Recommender System Context	http://softeng.polito.it/rsctx	http://softeng.polito.it/rsctx#$1
rss	Vocabulary for Rich Site Summary (RSS) 1.0	http://web.resource.org/rss/1.0/	http://purl.org/rss/1.0/$1
rto	Rail Topology Ontology	https://w3id.org/rail/topo#	https://w3id.org/rail/topo#$1
ru	Representational Units Metadata Ontology	http://purl.org/imbi/ru-meta.owl	http://purl.org/imbi/ru-meta.owl#$1
ruto	Test-Driven Data Debugging Ontology	http://aksw.org/Projects/RDFUnit.html	http://rdfunit.aksw.org/ns/core#$1
s4ac	Social Semantic SPARQL Security For Access Control Ontology	http://ns.inria.fr/s4ac/v2/s4ac_v2.html	http://ns.inria.fr/s4ac/v2#$1
s4agri	SAREF extension for Agriculture	https://saref.etsi.org/saref4agri/	https://saref.etsi.org/saref4agri/$1
s4bldg	SAREF extension for building devices	https://saref.etsi.org/saref4bldg/	https://saref.etsi.org/saref4bldg/$1
s4city	SAREF extension for Smart City	https://saref.etsi.org/saref4city/	https://saref.etsi.org/saref4city/$1
s4ehaw	SAREF4EHAW: an extension of SAREF for eHealth Ageing Well domain	https://saref.etsi.org/saref4ehaw/	https://saref.etsi.org/saref4ehaw/$1
s4ener	SAREF4EE: the EEbus/Energy@home extension of SAREF	https://saref.etsi.org/saref4ener/	https://saref.etsi.org/saref4ener/$1
s4envi	SAREF extension for environment	https://saref.etsi.org/saref4envi/	https://saref.etsi.org/saref4envi/$1
s4inma	SAREF4INMA: an extension of SAREF for the industry and manufacturing domain	https://saref.etsi.org/saref4inma/	https://saref.etsi.org/saref4inma/$1
s4syst	SAREF4SYST: an extension of SAREF for typology of systems and their inter-connections	https://saref.etsi.org/saref4syst/	https://saref.etsi.org/saref4syst/$1
s4watr	SAREF extension for water	https://saref.etsi.org/saref4watr/	https://saref.etsi.org/saref4watr/$1
s4wear	SAREF4WEAR: an extension of SAREF for Wearables	https://saref.etsi.org/saref4wear/	https://saref.etsi.org/saref4wear/$1
sam	The Sampling Features Schema Vocabulary	http://www.essepuntato.it/lode/owlapi/http://def.seegrid.csiro.au/isotc211/iso19156/2011/sampling	http://def.seegrid.csiro.au/isotc211/iso19156/2011/sampling#$1
samfl	OWL for Sampling Features	http://def.seegrid.csiro.au/ontology/om/sam-lite	http://def.seegrid.csiro.au/ontology/om/sam-lite#$1
SAN	SAN (Semantic Actuator Network)	http://www.irit.fr/recherches/MELODI/ontologies/SAN	http://www.irit.fr/recherches/MELODI/ontologies/SAN#$1
san-lod	SAN Ontologia	http://dati.san.beniculturali.it/SAN/	http://dati.san.beniculturali.it/SAN/$1
sao	SALT Annotation Ontology	http://salt.semanticauthoring.org/ontologies/sao	http://salt.semanticauthoring.org/ontologies/sao#$1
saont	The System Accountability Ontology	https://w3id.org/sao	https://w3id.org/sao#$1
saref	SAREF: the Smart Appliances REFerence ontology	https://saref.etsi.org/core/	https://saref.etsi.org/core/$1
saws	Sharing Ancient Wisdoms Ontology	http://www.ancientwisdoms.ac.uk/media/ontology/	http://purl.org/saws/ontology#$1
sbeo	SBEO: Smart Building Evacuation Ontology	https://qasimkhalid.github.io/SBEO/	https://w3id.org/sbeo#$1
scip	Scientific People Ontology	http://lod.taxonconcept.org/ontology/sci_people.owl	http://lod.taxonconcept.org/ontology/sci_people.owl#$1
scot	Social Semantic Cloud of Tags	http://scot-project.net/scot/spec/scot.html	http://rdfs.org/scot/ns#$1
scovo	The Statistical Core Vocabulary	http://vocab.deri.ie/scovo	http://purl.org/NET/scovo#$1
scsv	Schema.org CSV	http://vocab.deri.ie/scsv	http://purl.org/NET/schema-org-csv#$1
sd	SPARQL 1.1 Service Description	http://www.w3.org/TR/sparql11-service-description/	http://www.w3.org/ns/sparql-service-description#$1
sdm	SPARQL endpoint metadata	https://w3id.org/vocab/sdm	https://w3id.org/vocab/sdm#$1
sdmx	SDMX-RDF vocabulary	https://raw.githubusercontent.com/UKGovLD/publishing-statistical-data/master/specs/src/main/vocab/sdmx.ttl	http://purl.org/linked-data/sdmx#$1
sdmx-code	SDMX Code	https://code.google.com/p/publishing-statistical-data/	http://purl.org/linked-data/sdmx/2009/code#$1
sdmx-dimension	SDMX Dimension	http://purl.org/linked-data/sdmx/2009/dimension	http://purl.org/linked-data/sdmx/2009/dimension#$1
sdo	SALT Document Ontology	http://salt.semanticauthoring.org/ontologies/sdo	http://salt.semanticauthoring.org/ontologies/sdo#$1
sdom	The Software Description Ontology for Models	https://w3id.org/okn/o/sdm	https://w3id.org/okn/o/sdm#$1
sdont	The Software Description Ontology	https://w3id.org/okn/o/sd	https://w3id.org/okn/o/sd#$1
sealit	SeaLiT Ontology	http://www.sealitproject.eu/ontology/	http://www.sealitproject.eu/ontology/$1
search	Sindice Search Vocabulary	http://vocab.deri.ie/search.html	http://sindice.com/vocab/search#$1
seas	SEAS ontology	https://w3id.org/seas/	https://w3id.org/seas/$1
seas-eval	The SEAS Evaluation ontology	https://w3id.org/seas/EvaluationOntology	https://w3id.org/seas/$1
seas-op	The SEAS Failable System ontology	https://w3id.org/seas/OperatingOntology	https://w3id.org/seas/$1
seas-qudt	QUDT Alignment.	https://w3id.org/seas/QUDTAlignment	https://w3id.org/seas/$1
seas-stats	The SEAS Statistics ontology.	https://w3id.org/seas/StatisticsOntology	https://w3id.org/seas/$1
seas-sys	The SEAS System ontology	https://w3id.org/seas/SystemOntology	https://w3id.org/seas/$1
seasb	The SEAS Battery ontology.	https://ci.mines-stetienne.fr/seas/index.html	https://w3id.org/seas/$1
seasbo	The SEAS Building Ontology	https://w3id.org/seas/BuildingOntology	https://w3id.org/seas/$1
seasd	The SEAS Device ontology	https://ci.mines-stetienne.fr/seas/index.html	https://w3id.org/seas/$1
seasfo	The SEAS Forecasting ontology	https://w3id.org/seas/ForecastingOntology	https://w3id.org/seas/$1
seast	The SEAS Time Ontology.	https://ci.mines-stetienne.fr/seas/index.html	https://w3id.org/seas/$1
seasto	The SEAS Trading ontology	https://w3id.org/seas/TradingOntology	https://w3id.org/seas/$1
security	Security Ontology	http://securitytoolbox.appspot.com/securityMain	http://securitytoolbox.appspot.com/securityMain#$1
sem	The SEM Ontology	http://semanticweb.cs.vu.nl/2009/11/sem/	http://semanticweb.cs.vu.nl/2009/11/sem/$1
semio	Semio, an ontology of signs	http://www.lingvoj.org/semio.rdf	http://www.lingvoj.org/semio#$1
semiotics	A content ontology pattern that encodes a basic semiotic theory, by reusing the situation pattern.	http://www.ontologydesignpatterns.org/cp/owl/semiotics.owl	http://www.ontologydesignpatterns.org/cp/owl/semiotics.owl#$1
semsur	The Semantic Survey Ontology (semsur)	http://sda.tech/SemSur/Documentation/Semsur.html	http://purl.org/SemSur/$1
seq	Sequence Pattern	http://www.ontologydesignpatterns.org/cp/owl/sequence.owl	http://www.ontologydesignpatterns.org/cp/owl/sequence.owl#$1
server	YANG Server Ontology	https://w3id.org/yang/server#	https://w3id.org/yang/server#$1
service	The Service Ontology	https://github.com/dini-ag-kim/service-ontology/	http://purl.org/ontology/service#$1
sf	Simplified Features Geometry	http://www.opengis.net/ont/sf	http://www.opengis.net/ont/sf#$1
shoah	Shoah Vocabulary Specification	http://dati.cdec.it/lod/shoah/	http://dati.cdec.it/lod/shoah/$1
shw	Smart Home Weather	https://paul.staroch.name/thesis/thesis.pdf	http://paul.staroch.name/thesis/SmartHomeWeather.owl#$1
sim	The Similarity Ontology	http://purl.org/ontology/similarity/	http://purl.org/ontology/similarity/$1
simu	Simulation Ontology	https://www.w3id.org/simulation/ontology/	https://www.w3id.org/simulation/ontology/$1
sioc	Semantically-Interlinked Online Communities	http://rdfs.org/sioc/spec/	http://rdfs.org/sioc/ns#$1
situ	Situation Pattern	http://www.ontologydesignpatterns.org/cp/owl/situation.owl	http://www.ontologydesignpatterns.org/cp/owl/situation.owl#$1
smg	CERISE CIM Profile for Smart Grids	http://ns.cerise-project.nl/energy/def/cim-smartgrid	http://ns.cerise-project.nl/energy/def/cim-smartgrid#$1
snarm	Simple Network Access Rights Management Ontology	http://rdf.myexperiment.org/ontologies/snarm/	http://rdf.myexperiment.org/ontologies/snarm/$1
solid	Solid terms	http://www.w3.org/ns/solid/terms	http://www.w3.org/ns/solid/terms#$1
sor	SORON: Social Relationships ONtology	http://purl.org/net/soron	http://purl.org/net/soron/$1
sou	QUDT VOCAB Systems of Units Release 2.1.34	http://qudt.org/2.1/vocab/sou	http://qudt.org/2.1/vocab/sou/$1
sp	SPIN SPARQL Syntax	http://spinrdf.org/sp	http://spinrdf.org/sp#$1
spatial	NeoGeo Spatial Ontology	http://geovocab.org/doc/neogeo/	http://geovocab.org/spatial#$1
spcm	Software Process Control Model	http://spi-fm.uca.es/spdef/models/deployment/spcm/1.0.html	http://spi-fm.uca.es/spdef/models/deployment/spcm/1.0#$1
spfood	SmartProducts Food Domain Model	http://projects.kmi.open.ac.uk/smartproducts/ontology.html	http://kmi.open.ac.uk/projects/smartproducts/ontologies/food.owl#$1
spin	SPIN Inferencing Vocabulary	http://spinrdf.org/spin.html	http://spinrdf.org/spin#$1
sport	BBC Sport Ontology	http://www.bbc.co.uk/ontologies/sport	http://www.bbc.co.uk/ontologies/sport/$1
spt	SPITFIRE Ontology	http://spitfire-project.eu/incontextsensing/ontology.php	http://spitfire-project.eu/ontology/ns/$1
spvqa	Scholarly Papers Vocabulary with Focus on Qualtitative Analysis	https://bmake.th-brandenburg.de/spv	https://bmake.th-brandenburg.de/spv#$1
sql	SQL Abstract Syntax Trees Vocabulary	http://ns.inria.fr/ast/sql#	http://ns.inria.fr/ast/sql#$1
sri	Smart Readiness Indicator Vocabulary	https://w3id.org/sri	https://w3id.org/sri#$1
ssno	Semantic Sensor Network Ontology	http://www.w3.org/ns/ssn/	http://www.w3.org/ns/ssn/$1
ssso	Simple Service Status Ontology	https://github.com/gbv/ssso/	http://purl.org/ontology/ssso#$1
st	The Stop Times ontology	http://semweb.mmlab.be/ns/stoptimes#Ontology	http://semweb.mmlab.be/ns/stoptimes#$1
stac	Security Toolbox : Attacks and Countermeasures	http://securitytoolbox.appspot.com/	http://securitytoolbox.appspot.com/stac#$1
stax	RDF Stream Taxonomy (RDF-STaX)	https://w3id.org/stax/dev	https://w3id.org/stax/ontology#$1
step	Semantic Trajectory Episodes	http://purl.org/net/step	http://purl.org/net/step#$1
sto	i40 Standards Lanscape Vocabulary	http://i40.semantic-interoperability.org/sto/index.html	https://w3id.org/i40/sto#$1
stories	Stories Ontology	http://www.contextus.net/stories	http://purl.org/ontology/stories/$1
summa	SUMMA Vocabulary	http://purl.org/voc/summa/	http://purl.org/voc/summa/$1
sur	The Survey Ontology	https://www.w3id.org/survey-ontology	https://w3id.org/survey-ontology#$1
sw-quality	SQuAP Ontology	https://w3id.org/squap/	https://w3id.org/squap/SoftwareQuality/$1
swc	Semantic Web Conference Ontology	http://data.semanticweb.org/ns/swc/swc_2009-05-09.html	http://data.semanticweb.org/ns/swc/ontology#$1
swemls	Semantic-Web Machine Learning System (SWeMLS) Ontology	https://semantic-systems.org/ns/swemls/index-en.html	https://w3id.org/semsys/ns/swemls#$1
swp	Graph Authority	http://www.w3.org/2004/03/trix/swp-1	http://www.w3.org/2004/03/trix/swp-1/$1
swpm	Software Work Product Model	http://spi-fm.uca.es/spdef/models/deployment/swpm/1.0	http://spi-fm.uca.es/spdef/models/deployment/swpm/1.0#$1
swpo	Semantic Web Portal Ontology	http://sw-portal.deri.org/ontologies/swportal	http://sw-portal.deri.org/ontologies/swportal#$1
swrc	Semantic Web for Research Communities	http://ontoware.org/swrc	http://swrc.ontoware.org/ontology#$1
synsem	Lexicon Model for Ontologies - Synsem	http://www.w3.org/ns/lemon/synsem	http://www.w3.org/ns/lemon/synsem#$1
tac	TripleAccessControl Ontology	http://ns.bergnet.org/tac/0.1/triple-access-control	http://ns.bergnet.org/tac/0.1/triple-access-control#$1
tag	Tag ontology	http://www.holygoat.co.uk/owl/redwood/0.1/tags/	http://www.holygoat.co.uk/owl/redwood/0.1/tags/$1
tao	Trust Assertion Ontology	http://vocab.deri.ie/tao.html	http://vocab.deri.ie/tao#$1
tax	EUTaxO - EUdaphobase Taxonomy Ontology	https://w3id.org/EUTaxO	https://w3id.org/EUTaxO#$1
taxon	TaxonMap Ontology	http://purl.org/biodiversity/taxon/	http://purl.org/biodiversity/taxon/$1
taxref-ld	TAXREF-LD Ontology	http://taxref.mnhn.fr/lod/taxref-ld	http://taxref.mnhn.fr/lod/$1
tb	Timebank Ontology	https://tobiasgrubenmann.github.io/Ontologies/Timebank/0.2/index.html	https://w3id.org/timebank#$1
td	Thing Description Ontology	https://www.w3.org/2019/wot/td	https://www.w3.org/2019/wot/td#$1
tddfa	TODODFA: Frame-Action Module for Task-Oriented Dialogue management Ontology (TODO)	https://w3id.org/todo/tododfa	https://w3id.org/todo/tododfa#$1
tddial	TODODial: Dialogue Module for Task-Oriented Dialogue management Ontology (TODO)	https://w3id.org/todo/tododial	https://w3id.org/todo/tododial#$1
tddm	TODODM: Dialogue Management Module for Task-Oriented Dialogue management Ontology (TODO)	https://w3id.org/todo/tododm	https://w3id.org/todo/tododm#$1
tddom	TODODom: Domain Module for Task-Oriented Dialogue management Ontology (TODO)	https://w3id.org/todo/tododom	https://w3id.org/todo/tododom#$1
tddt	TODODT: Dialogue Tracing Module for Task-Oriented Dialogue management Ontology (TODO)	https://w3id.org/todo/tododt	https://w3id.org/todo/tododt#$1
tddw	TODODW: World Module for Task-Oriented Dialogue management Ontology (TODO)	https://w3id.org/todo/tododw	https://w3id.org/todo/tododw#$1
te	Time Entry	http://www.w3.org/2006/time-entry	http://www.w3.org/2006/time-entry#$1
teach	Teaching Core Vocabulary Specification	http://linkedscience.org/teach/ns#	http://linkedscience.org/teach/ns#$1
tempo	TempO - Temporal Ontology	http://purl.org/tempo	http://purl.org/tempo/$1
test	Test Metadata	http://www.w3.org/TR/test-metadata/	http://www.w3.org/2006/03/test-description#$1
tfo	Transformation Functions Ontology	https://privatealpha.com/ontology/transformation/1#	https://privatealpha.com/ontology/transformation/1#$1
theatre	Theatre Ontology	http://purl.org/theatre#	http://purl.org/theatre#$1
thors	The Temporal Ordinal Reference Systems	http://resource.geosciml.org/ontology/timescale/thors	http://resource.geosciml.org/ontology/timescale/thors#$1
ti	The Time Interval Pattern	http://www.ontologydesignpatterns.org/cp/owl/timeinterval.owl	http://www.ontologydesignpatterns.org/cp/owl/timeinterval.owl#$1
tio	The Tickets Ontology	http://purl.org/tio/ns#	http://purl.org/tio/ns#$1
tis	Time Indexed Situation	http://www.ontologydesignpatterns.org/cp/owl/timeindexedsituation.owl	http://www.ontologydesignpatterns.org/cp/owl/timeindexedsituation.owl$1
tisc	Open Time and Space Core Vocabulary	http://www.observedchange.com/tisc/ns#	http://observedchange.com/tisc/ns#$1
tl	The Timeline Ontology	http://motools.sourceforge.net/timeline/timeline.html	http://purl.org/NET/c4dm/timeline.owl#$1
tm	A vocabulary for temporal objects in Geographic Information	http://def.seegrid.csiro.au/isotc211/iso19108/2002/temporal	http://def.seegrid.csiro.au/isotc211/iso19108/2002/temporal#$1
tmo	Translational Medicine Ontology	http://www.w3.org/2001/sw/hcls/ns/transmed/	http://www.w3.org/2001/sw/hcls/ns/transmed/$1
toco	Toucan Ontology	http://purl.org/toco/	http://purl.org/toco/$1
todo	TODO: Task-Oriented Dialogue management Ontology	https://w3id.org/todo	https://w3id.org/todo#$1
topo	Ontologie des éléments du territoire et de ses infrastructures de l'IGN	http://data.ign.fr/def/topo	http://data.ign.fr/def/topo#$1
tp	Tourpedia Ontology	http://tour-pedia.org/download/tp.owl	http://tour-pedia.org/download/tp.owl#$1
traffic	Road Traffic Management	http://here.com/traffic	http://www.sensormeasurement.appspot.com/ont/transport/traffic#$1
trait	OntoMedia Trait Representation	http://contextus.net/ontology/ontomedia/ext/common/trait#	http://contextus.net/ontology/ontomedia/ext/common/trait#$1
transit	TRANSIT	http://vocab.org/transit/terms/	http://vocab.org/transit/terms/$1
trao	Transport Administration Ontology	http://linkeddata.finki.ukim.mk/lod/ontology/tao#	http://linkeddata.finki.ukim.mk/lod/ontology/tao#$1
tree	TREE	https://w3id.org/tree	https://w3id.org/tree#$1
tresiot	Ontology for Trust Recommendation in Social Internet of Things	https://liidr.org/trust-recommendation-in-social-internet-of-things/	https://liidr.org/trust-recommendation-in-social-internet-of-things/$1
tribont	TribOnt ontology	https://w3id.org/tribont	https://w3id.org/tribont#$1
tribont-core	Core module	https://w3id.org/tribont/core	https://w3id.org/tribont/core#$1
tribont-equipment	Equipment module	https://w3id.org/tribont/equipment	https://w3id.org/tribont/equipment#$1
tribont-material	Material module	https://w3id.org/tribont/material	https://w3id.org/tribont/material#$1
tribont-sample	Sample module	https://w3id.org/tribont/sample	https://w3id.org/tribont/sample#$1
tro	Transparent Relations Ontology	https://w3id.org/TRO	https://w3id.org/TRO#$1
tsioc	SIOC Types Ontology Module	http://rdfs.org/sioc/spec/#sec-modules	http://rdfs.org/sioc/types#$1
tsn	Territorial Statistical Nomenclature Ontology	http://purl.org/net/tsn#	http://purl.org/net/tsn#$1
tsnc	Territorial Statistical Nomenclature Change Ontology	http://purl.org/net/tsnchange#	http://purl.org/net/tsnchange#$1
turismo	Ontología de Turismo para el Ayuntamiento de Zaragoza	http://idi.fundacionctic.org/cruzar/turismo	http://idi.fundacionctic.org/cruzar/turismo#$1
tvc	The Time-indexed Value in Context	http://www.essepuntato.it/2012/04/tvc	http://www.essepuntato.it/2012/04/tvc/$1
txn	TaxonConcept Ontology	http://lod.taxonconcept.org/ontology/txn.owl	http://lod.taxonconcept.org/ontology/txn.owl#$1
tzont	Time Zone Ontology	http://www.w3.org/2006/timezone	http://www.w3.org/2006/timezone#$1
uby	ubyCat.owl	https://www.ukp.tu-darmstadt.de/data/lexical-resources/uby	http://purl.org/olia/ubyCat.owl#$1
uco	Used Cars Ontology	http://ontologies.makolab.com/uco/ns.html#	http://purl.org/uco/ns#$1
ui	A user interface ontology	http://www.w3.org/ns/ui	http://www.w3.org/ns/ui#$1
uiot	Urban IoT Ontologies - Core Module	http://www.w3id.org/urban-iot/core	http://www.w3id.org/urban-iot/core#$1
uiote	Ontologie per gli Apparati IoT Urbani - Modulo Electric Mobility	http://www.w3id.org/urban-iot/electric	http://www.w3id.org/urban-iot/electric#$1
uiots	Ontologie per gli Apparati IoT Urbani - Modulo Sharing Mobility	http://www.w3id.org/urban-iot/sharing	http://www.w3id.org/urban-iot/sharing#$1
umbel	Upper Mapping and Binding Exchange Layer	http://umbel.org/umbel	http://umbel.org/umbel#$1
uneskos	UNESKOS Vocabulary	http://purl.org/umu/uneskos	http://purl.org/umu/uneskos#$1
uri4uri	URI Vocabulary	http://uri4uri.net/vocab	http://uri4uri.net/vocab#$1
usability	Usability	https://w3id.org/usability	https://w3id.org/usability#$1
va	The Visual Analytics Vocabulary	http://code-research.eu/ontology/visual-analytics	http://code-research.eu/ontology/visual-analytics#$1
vaem	Vocabulary for Attaching Essential Metadata	http://linkedmodel.org/doc/vaem/1.2/	http://www.linkedmodel.org/schema/vaem#$1
vag	The Vagueness Ontology	http://www.essepuntato.it/2013/10/vagueness	http://www.essepuntato.it/2013/10/vagueness/$1
vair	Vocabulary of AI Risks	https://w3id.org/vair	https://w3id.org/vair#$1
vartrans	Lexicon Model for Ontologies - Vartrans	http://www.w3.org/ns/lemon/vartrans	http://www.w3.org/ns/lemon/vartrans#$1
vdpp	Vocabulary for Dataset Publication Projects	http://data.lirmm.fr/ontologies/vdpp.html	http://data.lirmm.fr/ontologies/vdpp#$1
veo	Vehicle Emissions Ontology	http://linkeddata.finki.ukim.mk/lod/ontology/veo#	http://linkeddata.finki.ukim.mk/lod/ontology/veo#$1
vgo	The Video Game Ontology	http://purl.org/net/VideoGameOntology	http://purl.org/net/VideoGameOntology#$1
vin	Wine Ontology	http://www.w3.org/TR/2003/PR-owl-guide-20031209/wine	http://www.w3.org/TR/2003/PR-owl-guide-20031209/wine#$1
vir	VIR - Visual Representation ontology	http://w3id.org/vir#	http://w3id.org/vir#$1
vmm	Visual Modeling tool Model	http://spi-fm.uca.es/spdef/models/genericTools/vmm/1.0	http://spi-fm.uca.es/spdef/models/genericTools/vmm/1.0#$1
voaf	Vocabulary of a Friend	http://purl.org/vocommons/voaf/index.html	http://purl.org/vocommons/voaf#$1
voag	Vocabulary Of Attribution and Governance	http://voag.linkedmodel.org/schema/voag	http://voag.linkedmodel.org/voag#$1
vocals	VoCaLS: A Vocabulary and Catalog for Linked Streams	http://w3id.org/rsp/vocals#	http://w3id.org/rsp/vocals#$1
voidext	Extended Vocabulary of Interlinked Datasets (VoIDext)	http://purl.org/query/voidext	http://purl.org/query/voidext#$1
voidwh	Void Warehouse Ontology	http://www.ics.forth.gr/isl/VoIDWarehouse/VoID_Extension_Schema.owl	http://www.ics.forth.gr/isl/VoIDWarehouse/VoID_Extension_Schema.owl$1
vra	RDFS Ontology for VRA	http://simile.mit.edu/2003/10/ontologies/vraCore3#	http://simile.mit.edu/2003/10/ontologies/vraCore3#$1
vrank	Vocabulary for Ranking	http://vocab.sti2.at/vrank	http://purl.org/voc/vrank#$1
vs	SemWeb Vocab Status ontology	http://www.w3.org/2003/06/sw-vocab-status/ns	http://www.w3.org/2003/06/sw-vocab-status/ns#$1
vsearch	vSearch Vocabulary	http://purl.org/vsearch/	http://purl.org/vsearch/$1
vso	Vehicle Sales Ontology	http://purl.org/vso/ns	http://purl.org/vso/ns#$1
vvo	Volkswagen Vehicles Ontology	http://purl.org/vvo/ns.html	http://purl.org/vvo/ns#$1
w3c-ssn	Semantic Sensor Network Ontology	https://www.w3.org/ns/ssn	https://www.w3.org/ns/ssn/$1
wai	Roles and Profiles Ontology	http://vocab.ctic.es/wai/wai.html	http://purl.org/wai#$1
wdrs	Protocol for Web Description Resources	http://www.w3.org/2007/05/powder-s	http://www.w3.org/2007/05/powder-s#$1
wf-invoc	Workflow Invocation Ontology	http://www.opmw.org/model/wf-invocation/	http://purl.org/net/wf-invocation#$1
wfdesc	The Wfdesc ontology	http://purl.org/wf4ever/wfdesc	http://purl.org/wf4ever/wfdesc#$1
wfm	The Workflow Motif Ontology	http://vocab.linkeddata.es/motifs/	http://purl.org/net/wf-motifs#$1
wfont	Wind Farm Ontology (wfont)	https://w3id.org/wfont	https://w3id.org/wfont#$1
wfprov	The Wfprov Ontology	http://purl.org/wf4ever/wfprov	http://purl.org/wf4ever/wfprov#$1
whisky	Whisky Ontology	http://vocab.org/whisky/terms	http://vocab.org/whisky/terms/$1
whois	Who's who description vocabulary	http://www.kanzaki.com/ns/whois	http://www.kanzaki.com/ns/whois#$1
wi	The Weighted Interests Vocabulary	http://purl.org/ontology/wi/core#	http://purl.org/ontology/wi/core#$1
wikibase	Wikibase system ontology	shorturl.at/jkGVZ	http://wikiba.se/ontology#$1
wikim	WIKI tool Model	http://spi-fm.uca.es/spdef/models/genericTools/wikim/1.0	http://spi-fm.uca.es/spdef/models/genericTools/wikim/1.0#$1
wl	WSMO-Lite Ontology	http://www.wsmo.org/ns/wsmo-lite/	http://www.wsmo.org/ns/wsmo-lite#$1
wlo	BBC Wildlife Ontology	http://www.bbc.co.uk/ontologies/wildlife/2010-11-04.shtml	http://purl.org/ontology/wo/$1
wo	Weighting Ontology	http://purl.org/ontology/wo/core#	http://purl.org/ontology/wo/core#$1
wot	Web Of Trust	http://xmlns.com/wot/0.1/	http://xmlns.com/wot/0.1/$1
wotsec	Security mechanisms for the Web of Things	https://www.w3.org/2019/wot/security#	https://www.w3.org/2019/wot/security#$1
ws	An ontology for describing Workspaces.	https://www.w3.org/ns/pim/space	http://www.w3.org/ns/pim/space#$1
xapi	xAPI Controlled Vocabulary Ontology	https://github.com/adlnet/xAPI-Spec/blob/1.0.3/xAPI.md	http://purl.org/xapi/ontology#$1
xbrll	A lightweight XBRL vocabulary	https://w3id.org/vocab/xbrll	https://w3id.org/vocab/xbrll#$1
xhv	XHTML Vocabulary	http://www.w3.org/1999/xhtml/vocab	http://www.w3.org/1999/xhtml/vocab#$1
xkos	XKOS	http://rdf-vocabulary.ddialliance.org/xkos	http://rdf-vocabulary.ddialliance.org/xkos#$1
yoga	Yoga Ontology	https://yogaontology.org/ontology/	https://yogaontology.org/ontology/$1
zbwext	ZBW Extensions	http://zbw.eu/namespaces/zbw-extensions	http://zbw.eu/namespaces/zbw-extensions/$1
