prefix	abbreviation	name	homepage
100	PathArt	Pathway Articulator	http://jubilantbiosys.com/services/functional-discovery-services/discovery-informatics/commercial-products
101	Pathways Knowledge Base	Ingenuity Pathways Knowledge Base	https://www.qiagenbioinformatics.com/products/ingenuity-pathway-analysis/
102	GenePath	GenePath	http://www.genepath.org/
107	NetPro	Molecular Connections Database of Protein Interactions	http://www.molecularconnections.com/?page_id=17582
108	GPCR-PD	G protein-coupled receptors protein database	http://www.proteome.com/control/researchproducts/insilico/proteome/details
109	eMIM	Electronic Molecular Interaction Map	http://discover.nci.nih.gov/mim/index.jsp
11	CSNDB	Cell Signaling Networks Database	http://geo.nihs.go.jp/csndb/
110	INTERACT	INTERACT Protein-protein interaction database	http://www.ncbi.nlm.nih.gov/pubmed/10786290
112	SPiD	Subtilis Protein interaction Database	http://genome.jouy.inra.fr/spid/
113	ProMesh	ProMesh Protein-Protein Interaction Database	http://bit.uq.edu.au/ProMesh/
114	HSV1 PPI	Protein-Protein Interactions Table for Human herpesvirus 1	http://www.oralgen.lanl.gov/cgi-bin/pp.cgi?dbname=hhv1
115	GroEL PPI	Proteins that interact with GroEL and factors that affect their release	http://biochem.uthscsa.edu/seale/Chap/el_int.html
116	DPIDB	DNA-Protein Interaction Database	http://www.dpidb.genebee.msu.ru/
117	PharmGKB	The Pharmacogenetics and Pharmacogenomics Knowledge Base	http://www.pharmgkb.org/
118	Scansite	Scansite	http://scansite3.mit.edu/#home
12	EMP	Enzymes and Metabolic Pathways Database	http://www.empproject.com/
120	FlyNets	FlyNets	http://gifts.univ-mrs.fr/FlyNets/FlyNets_home_page.html
121	PINdb	Proteins Interacting in the Nucleus database	http://pin.mskcc.org/
122	PQS	Protein Quaternary Structure database	http://www.ebi.ac.uk/pdbe/pisa/
123	Prolinks	Prolinks	http://prl.mbi.ucla.edu/prlbeta/
124	InterDom	Database of Interacting Domains	http://interdom.i2r.a-star.edu.sg/
125	FusionDB	Prokaryote Gene Fusion Events	http://www.igs.cnrs-mrs.fr/FusionDB/
126	PPID	Protein-Protein Interaction Database	http://www.anc.ed.ac.uk/mscs/PPID/
127	PDSP Ki Database	Psychoactive Drug Screening Program Ki Database	https://kidbdev.med.unc.edu/databases/kidb.php
128	TTD	Therapeutic Targets Database	http://bidd.nus.edu.sg/group/cjttd/TTD_HOME.asp
129	DSM	Dynamic Signaling Maps	http://www.hippron.com/hippron/index.html
13	ENZYME	Enzyme nomenclature database	http://enzyme.expasy.org/
131	MetaCore	MetaCore pathway database	http://clarivate.com/products/metacore
132	DOQCS	Database of Quantitative Cellular Signaling	http://doqcs.ncbs.res.in/
133	Sentra	Sentra Signal Transduction Database	http://compbio.mcs.anl.gov/sentra/
134	Interolog	Interolog/Regulog Database	http://interolog.gersteinlab.org/
135	AANT	Amino Acid-Nucleotide Interaction Database	http://biotech.icmb.utexas.edu/aint_top.html
136	ProNIT	Thermodynamic Database for Protein-Nucleic Acid Interactions	http://www.abren.net/pronit/pronit.php
137	ROSPath	Reactive Oxygen Species related Signaling Pathway	http://rospath.ewha.ac.kr/
138	Phospho.ELM	Post-translational phosphorylation database	http://phospho.elm.eu.org
139	KNIFE	Drosophila pattern formation knowledge base	http://www.ncbi.nlm.nih.gov/pubmed/9322024
140	PRODORIC	Prokaryotic database of gene regulation	http://prodoric.tu-bs.de/
141	STCDB	Signal Transduction Classification Database	http://www.techfak.uni-bielefeld.de/~mchen/STCDB
142	DDIB	Database of Domain Interactions and Bindings	http://www.biosino.org/DIDWeb/index.html
143	INOH	Integrating Network Objects with Hierarchies	http://www.inoh.org
144	HP-DPI	Helicobacter pylori Database of Protein Interactomes	http://dpi.nhri.org.tw
145	POINT	Prediction of Interactome	http://point.bioinformatics.tw/Welcome.do
146	iHOP	Information Hyperlinked Over Proteins	http://www.ihop-net.org/UniPub/iHOP/
147	ProcessDB	ProcessDB	http://www.integrativebioinformatics.com/processdb.html
148	Monod	Modeler's Notebook and Datastore	http://monod.molsci.org
149	HIV-1 at NCBI	HIV-1, Human Protein Interaction Database at NCBI	https://www.ncbi.nlm.nih.gov/genome/viruses/retroviruses/hiv-1/interactions/
15	AntiJen	AntiJen a Kinetic, Thermodynamic and Cellular Database	http://www.ddg-pharmfac.net/antijen/AntiJen/antijenhomepage.htm
150	ASC	Active Sequences Collection	http://bioinformatica.isa.cnr.it/ASC/
151	Pathway Studio	Pathway Studio	https://www.elsevier.com/solutions/pathway-studio-biological-research
152	GenMAPP	Gene MicroArray Pathway Profiler	http://www.genmapp.org/
153	KiBank	KiBank	http://kibank.iis.u-tokyo.ac.jp
155	TRMP	Therapeutically Relevant Multiple Pathways Database	http://bidd.nus.edu.sg/group/trmp/trmp_ns.asp
156	CLiBE	Computed Ligand Binding Energy	http://bidd.nus.edu.sg/group/clibe/clibe.asp
157	KDBI	Kinetic Data of Bio-molecular Interactions database	http://bioinf.xmu.edu.cn/databases/kdbi/kdbi.php
158	Nicholson Minimaps	IUBMB-Nicholson Metabolic Maps, Minimaps & Animaps	http://www.iubmb-nicholson.org/
159	HPID	Human Protein Interaction Database	http://wilab.inha.ac.kr/hpid/webforms/intro.aspx
160	PDZBase	PDZ domain protein-protein interaction database	http://abc.med.cornell.edu/pdzbase
161	PRID	Protein-RNA Interaction Database	http://www-bioc.rice.edu/~shamoo/prid.html
162	BioSilico	BioSilico	http://biosilico.kaist.ac.kr
163	DopaNet	DopaNet	http://www.dopanet.org/
164	PANTHER	Protein ANalysis THrough Evolutionary Relationships	http://www.pantherdb.org
165	MAPPER	Multi-genome Analysis of Positions and Patterns of Elements of Regulation	http://genome.ufl.edu/mapper/mapper-main
166	TRACTOR_DB	TRACTOR_DB	http://www.tractor.lncc.br/
168	Precise	Predicted and Consensus Interaction Sites in Enzymes	http://precise.bu.edu/
170	MRAD	Metabolic Reaction Analysis Database	http://capb.dbi.udel.edu/whisler/
171	I2D	Interologous Interaction Database	http://ophid.utoronto.ca
172	CTD	Comparative Toxicogenomics Database	http://ctd.mdibl.org/
173	XPD	Phosphorylation Site Database	http://www.phosphorylation.biochem.vt.edu/
174	3DID	3D interacting domains	http://3did.irbbarcelona.org/
175	PLD	Protein Ligand Database	http://www-mitchell.ch.cam.ac.uk/pld/
176	PSIbase	Protein Structural Interactome Database	http://psibase.kobic.re.kr/index.cgi
177	Interfaces	DATASET OF PROTEIN-PROTEIN INTERFACES	http://home.ku.edu.tr/~okeskin/INTERFACE/INTERFACES.html
178	TECR	Thermodynamics of Enzyme-Catalyzed Reactions	https://randr.nist.gov/enzyme/
179	SCOPEC	Database of protein catalytic domains	http://www.enzome.com/enzome/databases/scopec.php
18	MIPS CYGD	MIPS Comprehensive Yeast Genome Database	http://mips.gsf.de/genre/proj/yeast/index.jsp
180	BioModels	BioModels Database	http://www.ebi.ac.uk/biomodels-main/
181	KinaseDB	Kinase Pathway Database	http://kinasedb.ontology.hgc.jp:8081/
182	Doodle	Database of oligomerization domains from lambda experiments	http://dimer.tamu.edu/doodle/
184	CTDB	Calmodulin Target Database	http://calcium.uhnres.utoronto.ca/ctdb/flash.htm
185	GON	Genomic Object Net	http://genome.ib.sci.yamaguchi-u.ac.jp/~gon/index.html
186	HiMAP	Human Interactome Map	http://www.himap.org/
187	Protein Lounge	Protein Lounge	http://www.proteinlounge.com
188	PathCase	CASE Pathways Database System	http://nashua.case.edu/PathwaysWeb/
189	iPath	interactive Pathways Explorer	http://pathways.embl.de/
19	NRR	Nuclear Receptor Resource	http://nrresource.org/
191	BioPathway Visualizer	Arizona BioPathway Visualizer	http://genescene.arizona.edu/index.html
194	Biopath	Biochemical Pathways database	https://www.mn-am.com/databases/biopath
195	iPfam	Protein families database of alignments and HMMs	http://ipfam.org/
196	PUMA2	Evolutionary Analysis of Metabolism	http://compbio.mcs.anl.gov/puma2
197	The SEED		http://theseed.uchicago.edu/FIG/index.cgi
198	LSPD	The Liver Specific Gene Promoter Database	http://rulai.cshl.edu/LSPD/
199	miRNAMap	MicroRNA Map	http://mirnamap.mbc.nctu.edu.tw/
2	BRITE	Functional Hierarchies and Binary Relationships of Biological Entities	http://www.kegg.jp/kegg/brite.html
20	ooTFD	Object Oriented Transcription Factors Database	http://www.ifti.org/
200	microrna.org	Microrna.org target database	http://www.microrna.org/microrna/home.do
201	JWS Online	Online Cellular Systems Modelling	https://jjj.bio.vu.nl/
202	DBTGR	DataBase of Tunicate Gene Regulation	http://dbtgr.hgc.jp/
203	AffinDB	Affinity database for protein-ligand complexes	http://pc1664.pharmazie.uni-marburg.de/affinity/
204	pSTIING	Protein, Signalling, Transcriptional Interactions & Inflammation Networks Gateway	http://pstiing.icr.ac.uk/
206	SCOPPI	Structural classification of protein-protein interfaces	http://scoppi.biotec.tu-dresden.de/scoppi/index.html
208	PINT	Protein-protein Interactions Thermodynamic Database	http://www.bioinfodatabase.com/pint
209	NPInter	Noncoding RNAs and protein related biomacromolecules interaction database	http://www.bioinfo.org/NPInter/index.htm
21	PathDB	Pathways Database	http://www.ncgr.org/pathdb/
211	MeRNA	Metals in RNA	http://merna.lbl.gov/
212	Argonaute	Gene regulation by mammalian micro-RNAs	http://www.ma.uni-heidelberg.de/apps/zmf/argonaute/interface/
213	MPromDb	Mammalian Promoter Database	http://mpromdb.wistar.upenn.edu/
214	HTPSELEX	HTPSELEX	http://ccg.vital-it.ch/htpselex/
215	HemoPDB	Hematopoiesis Promoter Database	http://bioinformatics.med.ohio-state.edu/HemoPDB/
216	cisRED	Cis-regulatory element database	http://www.cisred.org/
218	CA1Neuron	Pathways of the hippocampal CA1 neuron	http://www.mssm.edu/labs/iyengar/resources
219	ERGO	ERGO Genome Analysis and Discovery System	https://www.igenbio.com/ergo
22	TRANSFAC	Transcription Factor Database	http://genexplain.com/transfac/
220	Drastic	Database Resource for Analysis of Signal Transduction In Cells	http://www.drastic.org.uk/
222	Ulysses	Projection of Protein Networks across Species	http://www.cisreg.ca/ulysses
223	Cancer Cell Map	The Cancer Cell Map	http://cancer.cellmap.org
224	Hedgehog	Hedgehog Signaling Pathway Database	http://hedgehog.sfsu.edu/
225	HCNet	Heart and Calcium Functional Network Database	http://sbrg2.gist.ac.kr/hcnet/
228	PathFinder	Cell Signaling Pathways	http://www.sigmaaldrich.com/Area_of_Interest/Life_Science/PathFinder.html
229	Pathway Slides	Cell Signaling Pathway Slides & Charts	http://www.sigmaaldrich.com/Area_of_Interest/Life_Science/Cell_Signaling/Scientific_Resources/Pathway_Slides___Charts.html
23	Proteome		http://www.biobase-international.com/product/proteome
230	MiMI	Michigan Molecular Interactions	http://mimi.ncibi.org/MimiWeb/main-page.jsp
231	ECRbase	Evolutionary conserved region database	http://ecrbase.dcode.org
232	UniHI	Unified Human Interactome	http://www.unihi.org/
233	PSP	Polygenic signaling pathways	http://www.polygenicpathways.co.uk/
238	gpDB	A Database of G-Proteins and their Interaction with GPCRs	http://biophysics.biol.uoa.gr/gpDB/index.jsp
239	DOMINO	Domain Peptide Interactions Database	http://mint.bio.uniroma2.it/domino/
24	TRRD	Transcription Regulatory Regions Database	http://wwwmgs.bionet.nsc.ru/mgs/gnw/trrd/
240	CellCircuits	CellCircuits	http://www.cellcircuits.org
241	AthaMap	AthaMap	http://www.athamap.de/
243	SYSTOMONAS	SYSTems biology of pseudOMONAS	http://systomonas.tu-bs.de/index.php
245	PATRIC	PathoSystems Resource Integration Center	https://www.patricbrc.org/
246	SNAPPI-DB	Structures, iNterfaces and Alignments for Protein-Protein Interactions	http://www.compbio.dundee.ac.uk/SNAPPI/
247	T1DBase	Type 1 Diabetes Database	http://t1dbase.org
248	IMG	Integrated Microbial Genomes	http://img.jgi.doe.gov/cgi-bin/w/main.cgi
249	TPDB	Target Protein Database	http://targetprotein.res.ku.edu/
25	ABCdb	Archaea and Bacteria ABC Systems database	http://www-abcdb.biotoul.fr/
250	CoryneRegNet	Database of Corynebacterial Transcription Factors and Regulatory Networks	https://coryneregnet.compbio.sdu.dk/v6/index.html
252	PhosphoPOINT	PhosphoPOINT	http://kinase.bioinformatics.tw/
253	GLIDA	GPCR-Ligand Database	http://pharminfo.pharm.kyoto-u.ac.jp/services/glida/
254	Binding MOAD	Binding Mother of all Databases	http://www.bindingmoad.org/
255	PDBbind	PDBbind	http://www.pdbbind-cn.org/
256	HDBase	Huntington's Disease Base	http://hdbase.org/
257	PRISM	Protein Interactions by Structural Matching	http://cosbi.ku.edu.tr/prism/
258	InterPare	The Protein Interfaceome Database	http://interpare.kobic.re.kr/index.html
259	PlantCARE	Plant Cis-Acing Regulatory Elements	http://bioinformatics.psb.ugent.be/webtools/plantcare/html/
26	BioCarta	BioCarta Pathway Diagrams	http://www.biocarta.com/
260	AGRIS	Arabidopsis Gene Regulatory Information Server	http://arabidopsis.med.ohio-state.edu/
261	Athena	Athena	http://www.bioinformatics2.wsu.edu/cgi-bin/Athena/cgi/home.pl
262	DIMA	Domain Interaction Map	http://webclu.bio.wzw.tum.de/dima/index.jsp
263	PRIME	Protein interaction and molecular information database	http://prime.ontology.ims.u-tokyo.ac.jp:8081/
266	SGD Pathway Tools	Saccharomyces Genome Database Pathway Tools	http://www.yeastgenome.org/
269	PlantCyc	Plant Metabolic Pathway Databases	http://www.plantcyc.org/
27	COMPEL	Database on Composite Regulatory Elements	http://compel.bionet.nsc.ru/
270	MouseCyc	Mouse Pathway Database	http://mousecyc.jax.org/
271	ITFP	Intergrated Transcription Factor Platform	http://itfp.biosino.org/itfp/
274	AraCyc	Arabidopsis enzymes and biochemical pathways database	http://www.arabidopsis.org/biocyc/introduction.jsp
275	CPDB	ConsensusPathDB	http://cpdb.molgen.mpg.de/CPDB
276	PDTD	Potential Drug Target Database	http://www.dddc.ac.cn/pdtd/
277	HuPI	database of the Human Proteotheque Initiative	http://hupi.ircm.qc.ca/hupi/
278	Interactome	Krogan Lab Interactome Database	http://interactome-cmp.ucsf.edu/
279	PTM-Switchboard	Post-Translational Modification-Switchboard	http://cagr.pcbi.upenn.edu/PTMswitchboard/
28	DRC	Database of Ribosomal Crosslinks	http://owww.molgen.mpg.de/~ag_ribo/ag_brimacombe/drc/
280	UniPROBE	Universal Protein Binding Microarray Resource for Oligonucleotide Binding Evaluation	http://thebrain.bwh.harvard.edu/uniprobe/
281	miRecords	miRecords	http://c1.accurascience.com/miRecords/
282	sRNAMap	Small noncoding RNA Map	http://srnamap.mbc.nctu.edu.tw/
284	SuperSite	SuperSite	http://bioinf-tomcat.charite.de/supersite/
285	PIG	Host Pathogen Interactions	http://patricbrc.org/portal/portal/patric/HPITool
286	PiSITE	Database of Protein Interaction SITEs	http://pisite.hgc.jp/
287	RsiteDB	RNA binding sites data base	http://bioinfo3d.cs.tau.ac.il/RsiteDB/
288	EciD	E. coli Interaction Database	http://ecid.bioinfo.cnio.es/
289	PIPs	Human Protein-Protein Interaction Prediction	http://www.compbio.dundee.ac.uk/www-pips/
29	FIMM	Functional Molecular Immunology	http://sdmc.lit.org.sg:8080/fimm/
290	VirHostNet	Virus-Host Network	http://virhostnet.prabi.fr/
291	ExPASy Biochemical Pathways	ExPASy - Roche Applied Science Biochemical Pathways	http://web.expasy.org/pathways/
292	Arabidopsis Reactome	A curated knowledgebase of plant biological pathways	http://www.arabidopsisreactome.org
293	PC	Pathway Commons	http://www.pathwaycommons.org
294	TFe	Transcription Factor encyclopedia	http://cisreg.cmmt.ubc.ca/cgi-bin/tfe/home.pl
295	MotifMap	MotifMap	http://motifmap.ics.uci.edu/
296	NURSA	Nuclear Receptor Signaling Atlas	https://www.nursa.org/nursa/index.jsf
297	Millipore Pathways	Your online source for visualizing metabolic and signaling pathways	http://www.millipore.com/pathways/pw/pathways
299	PSMDB	Protein / Small-molecule database	http://compbio.cs.toronto.edu/psmdb
30	GeneNet	Genetic Networks	http://wwwmgs.bionet.nsc.ru/mgs/gnw/genenet/
301	iRefIndex	Interaction Reference Index	http://irefindex.org/wiki/index.php?title=iRefIndex
302	yeastnet	A Consensus Reconstruction of Yeast Metabolism	http://yeast.sourceforge.net/
303	HCPIN	Human Cancer Protein Interaction Network	http://nesg.org:9090/HCPIN/
304	InteroPorc	Automatic molecular interaction predictions	http://biodev.extra.cea.fr/interoporc/Default.aspx
305	RKD	Rice Kinase Database	http://ricephylogenomics-khu.org/kinase/
306	BIPA	Biological Interaction database for Protein-nucleic Acid	http://mordred.bioc.cam.ac.uk/bipa
308	MycoRegNet	Mycobacterial transcription factors and regulatory networks	http://mycoregnet.cebitec.uni-bielefeld.de
309	ADAN	Prediction of protein-protein interaction of modular domains	http://adan.crg.es/
31	GOLD.db	Genomics of Lipid-associated Disorders	http://gold.tugraz.at/Main.jsp
312	PepX	Peptide compleXes	http://www.switchlab.org/bioinformatics/pepx
314	HAPPI	Human Annotated and Predicted Protein Interactions Database	http://discovery.informatics.uab.edu/HAPPI/
315	NetPath	NetPath: Signal Transduction Pathways	http://www.netpath.org/
316	HumanCyc	Encyclopedia of Homo sapiens genes and metabolism	http://humancyc.org/
317	SPIKE	Signaling Pathway Integrated Knowledge Engine	http://www.cs.tau.ac.il/~spike/
318	APID	Agile Protein Interactomes DataServer	http://apid.dep.usal.es/
319	MIPS-MPPI	MIPS Mammalian Protein-Protein Interaction Database	http://mips.helmholtz-muenchen.de/proj/ppi/
32	Het-PDB_Navi	Het-PDB Navi	http://hetpdbnavi.nagahama-i-bio.ac.jp/index.php?mode=0
320	SignaLink 2	SignaLink 2: a multi-layered signaling pathway resource	http://signalink.org/
321	ComSim	Database of protein structures in bound (Complex) and unbound (Single) states	http://antares.protres.ru/comsin/
323	GWIDD	Genome-WIde protein Docking Database	http://gwidd.compbio.ku.edu/
324	HRTBLDb	Hormone Receptor Target Binding Loci Database	http://compbio.uthscsa.edu/hrtbldb/
325	SPLINTER	Structural Protein-Ligand Interactome	https://pegasus.isi.edu/application-showcase/structural-protein-ligand-interactome-splinter/
327	NCBI BioSystems	NCBI BioSystems	http://www.ncbi.nlm.nih.gov/biosystems
328	MetExplore		http://metexplore.toulouse.inra.fr/joomla3/
329	BiGG Models		http://bigg.ucsd.edu/
33	ICBS	Inter-Chain Beta-Sheets	http://icbs.ics.uci.edu/
330	AtPID	Arabidopsis thaliana Protein Interactome Database	http://www.megabionet.org/atpid/webfile/
331	MetaCrop	MetaCrop	http://metacrop.ipk-gatersleben.de/apex/f?p=269:111::::::
332	CORNET	CORrelation NETworks	https://bioinformatics.psb.ugent.be/cornet/
334	GeneMANIA	GeneMANIA	http://www.genemania.org
335	iPAVS	Integrated Pathway Resources, Analysis and Visualization System	http://ipavs.cidms.org/
336	HTRIdb	Human Transcriptional Regulation Interaction Database	http://www.lbbc.ibb.unesp.br/htri/
337	ChEMBLdb	ChEMBL Database	https://www.ebi.ac.uk/chembldb/
338	Ontocancro	Ontocancro	http://ontocancro.inf.ufsm.br/
339	HINT-KB	Human INTeractome Knowledge Base	http://hintkb.ceid.upatras.gr/
34	KMIM	Kohn Molecular Interaction Maps	http://discover.nci.nih.gov/mim/kohnk/kohnk.jsp
340	AURA	Atlas of UTR Regulatory Activity	http://aura.science.unitn.it/
341	MATADOR	Manually Annotated Targets and Drugs Online Resource	http://matador.embl.de/
342	SuperTarget	SuperTarget	http://bioinformatics.charite.de/supertarget/
343	TDR Targets Database	The Tropical Disease Research Targets Database	http://tdrtargets.org/
344	IUPHAR-DB	The International Union of Basic and Clinical Pharmacology Database	http://www.iuphar-db.org/
345	Guide to Pharmacology	Guide to Pharmacology	http://www.guidetopharmacology.org/
346	PAIR	The Predicted Arabidopsis Interactome Resource	http://www.cls.zju.edu.cn/pair/
347	HitPredict	HitPredict	http://hintdb.hgc.jp/htp/
349	MetaDrug	MetaDrug	https://lsresearch.thomsonreuters.com/pages/solutions/18/metadrug
35	MHCPEP	Database of MHC binding peptides	http://wehih.wehi.edu.au/mhcpep/
350	PSICQUIC	Proteomics Standards Initiative Common QUery InterfaCe	https://bioconductor.org/packages/release/bioc/html/PSICQUIC.html
351	JAIL	JAIL	http://bioinformatics.charite.de/jail/
353	MACPAK	Simulatable Macrophage Pathway Knowledgebase	http://macpak.csml.org/
355	IBIS	Inferred Biomolecular Interactions Server	http://www.ncbi.nlm.nih.gov/Structure/ibis/ibis.cgi
356	SuperCYP	SuperCYP, Cytochrome P450 Database	http://bioinformatics.charite.de/supercyp/
357	GeneOrienteer	Gene Orienteer	http://geneorienteer.org/
358	PDBeMotif	Protein Data Bank in Europe, Motifs and Sites	http://www.ebi.ac.uk/pdbe-site/pdbemotif/
359	CREDO	CREDO: A Structural Interactomics Database For Drug Discovery	http://marid.bioc.cam.ac.uk/credo/
36	MPID-T	MHC-Peptide Interaction Database	http://variome.bic.nus.edu.sg/mpidt/index.html
360	BIANA	Biologic Interaction and Network Analysis	http://sbi.imim.es/web/index.php/research/servers/biana?page=biana.server
362	MnM	Minimotif Miner	http://mnm.engr.uconn.edu/MNM/SMSSearchServlet
363	GeneTex	GeneTex	http://www.genetex.com/Web/Pathway/Pathways.aspx
364	GeneGlobe	GeneGlobe	https://www.qiagen.com/ca/geneglobe/
365	ChemProt	ChemProt	http://potentia.cbs.dtu.dk/ChemProt/
366	Bacteriome.org	Bacterial Protein Interaction Database for Escherichia Coli	http://www.compsysbio.org/bacteriome/
367	sc-PDB	An Annotated Database of Druggable Binding Sites from the Protein DataBank	http://cheminfo.u-strasbg.fr/scPDB/
368	BISC	BInary SubComplex Database	https://bisc.soe.ucsc.edu/
369	CutDB	CutDB: Proteolytic Event Database	http://cutdb.burnham.org/
37	PATIKA	Pathway Analysis Tool for Integration and Knowledge Acquisition	http://www.patika.org/
370	DOMINE	Database of Protein Domain Interactions	http://domine.utdallas.edu/cgi-bin/Domine
371	DRYGIN	Data Repository of Yeast Genetic INteractions	http://drygin.ccbr.utoronto.ca/
372	FunCoup	Networks of Functional Coupling	http://funcoup.sbc.su.se/search/
374	HotRegion	A Database of Cooperative Hotspots	http://prism.ccbb.ku.edu.tr/hotregion/
375	HotSprint	Database of Computational Hot Spots of Protein Interfaces	http://prism.ccbb.ku.edu.tr/hotsprint/
376	InterEvol	InterEvol	http://biodev.cea.fr/interevol/
378	PepCyber	PepCyber: P~Pep	http://www.pepcyber.org/PPEP/
379	prePPI	prePPI	http://bhapp.c2b2.columbia.edu/PrePPI/
38	PDS	Pathways Database System	http://nashua.cwru.edu/pathways/
380	ProtCID	PROTein Common Interfaces Database	http://dunbrack2.fccc.edu/protcid/
381	PTMcode	PTMcode 2	http://ptmcode.embl.de/
382	SynSysNet	Synaptic Proteins Database	http://bioinformatics.charite.de/synsysnet/
383	TissueNet	The Database of Human Tissue Protein-Protein Interactions	http://netbio.bgu.ac.il/tissuenet/#/
384	VirusMINT	VirusMINT	http://mint.bio.uniroma2.it/virusmint/Welcome.do
385	Bionemo	Biodegradation Network Molecular Biology Database	http://bionemo.bioinfo.cnio.es/
387	hiPathDB	human integrated Pathway DB with facile visualization	http://hipathdb.kobic.re.kr/
389	NetworKIN	NetworKIN	http://networkin.info/
39	PhosphoBase	Database of phosphorylation sites	http://phospho.elm.eu.org/
391	RegPhos	Regulatory Network in Protein Phosphorylation	http://140.138.144.141/~RegPhos/
392	2P2Idb	The Protein-Protein Interaction Inhibition Database	http://2p2idb.cnrs-mrs.fr/
393	3D-Interologs	3D-Interologs	http://gemdock.life.nctu.edu.tw/3d-interologs/
394	AnimalTFDB	Animal Transcription Factor Database	http://bioinfo.life.hust.edu.cn/AnimalTFDB/
395	BioLiP	Ligand-Protein Binding Database	http://zhanglab.ccmb.med.umich.edu/BioLiP/
397	CancerResource	CancerResource	http://data-analysis.charite.de/care/
399	EndoNet	EndoNet	http://endonet.bioinf.med.uni-goettingen.de/
4	LIGAND	Molecular building blocks of life in the chemical space	http://www.genome.jp/ligand/
40	DroID	The Drosophila Interactions Database	http://www.droidb.org/
400	KUPS	The University of Kansas Proteomics Service	http://discovery.cs.wayne.edu/ppiweb/kups/
401	LigASite	Ligand Attachment Site	http://ligasite.org/
402	MiST2	Microbial Signal Transduction Database	http://mistdb.com/
403	MPID-T2	MHC-Peptide Interaction Database-TR	http://biolinfo.org/mpid-t2/
404	PCRPi-DB	Presaging Critical Residues in Protein interfaces-DataBase	http://www.bioinsilico.org/cgi-bin/PCRPIDB/htmlPCRPI/home
405	Predictive Networks	Predictive Networks	https://compbio.dfci.harvard.edu/predictivenetworks//
406	PRRDB	Pattern Recognition Receptor Database	http://crdd.osdd.net/raghava//prrdb/
408	CCDB	The Cell Cycle Database	http://www.itb.cnr.it/cellcycle/
409	TRIP	Mammalian Transient Receptor Potential Channel-Interacting Protein	http://www.trpchannel.org/
41	PubGene	PubGene	http://www.coremine.com/medical/#search
410	KaPPA-View	Kazusa Plant Pathway Viewer	http://kpv2.kazusa.or.jp/kpv4/
411	LAMP	(Liverpool) Library of Apicomplexan Metabolic Pathways	http://www.llamp.net/
412	MMMDB	Mouse Multiple tissue Metabolome DataBase	http://mmdb.iab.keio.ac.jp/
413	MODOMICS	Modomics: a database of RNA modification pathways	http://modomics.genesilico.pl/
415	PMAP	The Proteolysis Map	http://pmap.burnham.org/proteases/
416	WholeCellKB	WholeCellKB: Mycoplasma Genitalium Database	http://www.wholecellkb.org/
419	REPAIRtoire	REPAIRtoire: a database of DNA repair pathways	http://repairtoire.genesilico.pl/
42	RegulonDB	Database on Transcriptional Regulation and Genome Organization	http://regulondb.ccg.unam.mx/
424	Human-gpDB	A database of human GPCRs, G-proteins, Effectors and their interactions	http://bioinformatics.biol.uoa.gr/human_gpdb/
425	PhosphoGRID	PhosphoGRID	https://phosphogrid.org/
427	GermOnline	GermOnline	http://www.germonline.org/index.html
429	Pigment Cell Gene Resource	Pigment Cell Gene Resource	http://research.nhgri.nih.gov/pigment_cell/
43	SELEX_DB	Randomized DNA/RNA sequence database	http://wwwmgs.bionet.nsc.ru/mgs/systems/selex/
430	PROFESS	Protein Function, Evolution, Structure and Sequence Database	http://cse.unl.edu/~profess/
431	NetSlim	NetSlim	http://www.netpath.org/netslim
432	TAIR	The Arabidopsis Information Resource	http://www.arabidopsis.org/
434	GRAMENE	Plant Metabolic Pathways	http://pathway.gramene.org/
436	Dr. PIAS	Druggable Protein-protein Interaction Assessment System	http://www.drpias.net/
437	RiceSRTFDB	The Rice Stress-Responsive Transcription Factor Database	http://www.nipgr.res.in/RiceSRTFDB.html
439	YY1TargetDB	Yin Yang 1 Target Database	http://137.189.133.71/YY1TargetDB/
440	CHD@ZJU	Coronary Heart Disease @ZJU Database	http://pharminfo.zju.edu.cn/chd
441	TetraFGD	Tetrahymena Functional Genomics Database	http://tfgd.ihb.ac.cn/
442	DeathDomain	Death Domain Database	http://www.deathdomain.org/
443	ModBase	ModBase	http://modbase.compbio.ucsf.edu/modbase-cgi/index.cgi
444	Negatome	The Negatome Database	http://mips.helmholtz-muenchen.de/proj/ppi/negatome/
446	PCDB	Protein Conformational Database	http://74.54.147.134/~ezepcdb3/
447	DASMI	Distributed Annotation System for Molecular Interactions	http://dasmi.de/dasmiweb.php
448	PeroxisomeDB	Peroxisome Database	http://www.peroxisomedb.org/home.jsp
449	PoSSuM	Pocket Similarity Search using Multi-Sketches	http://possum.cbrc.jp/PoSSuM/
45	SYFPEITHI	Database of MHC Ligands and Peptide Motifs	http://www.syfpeithi.de/
450	ProtChemSI	ProtChemSI: the database of protein-chemical structural interactions	http://pcidb.russelllab.org/
451	TcoF-DB	Database of Transcription co-factors and transcription factor interactions	http://compbio.massey.ac.nz/apps/tcof/home/
452	Yeast KID	Yeast Kinase Interaction Database	http://www.moseslab.csb.utoronto.ca/KID/
453	drug2gene	drug2gene	http://www.drug2gene.com/
454	PROMISCUOUS	PROMISCUOUS	http://bioinformatics.charite.de/promiscuous/
455	DAnCER	Disease Annotated Chromatin Epigenetics Resource	http://wodaklab.org/dancer/
456	ScerTF	ScerTF	http://stormo.wustl.edu/ScerTF/
457	iProClass	iProClass	http://pir.georgetown.edu/pirwww/dbinfo/iproclass.shtml
458	Cyclonet	Cyclonet	http://cyclonet.biouml.org/index.html
459	MedicCyc 2.0	Medicago truncatula Pathway Database	http://mediccyc.noble.org/
46	UM-BBD	Biocatalysis/Biodegradation Database	http://eawag-bbd.ethz.ch/
462	MaizeCyc	MaizeCyc: metabolic pathways in maize	http://maizecyc.maizegdb.org/
463	H-InvDB	H-InvDB: Annotated Human Gene Database	http://www.h-invitational.jp/
464	Biozon	Biozon	http://biozon.org/
465	SYNDB	Synapse Database	http://syndb.cbi.pku.edu.cn/sdb_index.php
467	RegTransBase	RegTransBase	http://regtransbase.lbl.gov/cgi-bin/regtransbase
468	NPIDB	Nucleic Acid-Protein Interaction Database	http://npidb.belozersky.msu.ru/
469	IntPath	Integrated Pathway Gene Relationship Database	http://compbio.ddns.comp.nus.edu.sg:8080/IntPath/index.html
470	BsubCyc	BsubCyc	http://bsubcyc.org/
471	NCG	Network of Cancer Genes	http://ncg.kcl.ac.uk/
472	PRIMOS	Protein Interaction and Molecule Search database	http://primos.fh-hagenberg.at/
473	XooNET	Integrated Protein-Protein Interaction database of Xanthomonas oryzae pathovar oryzae KACC1031	http://bioportal.kobic.re.kr/XooNET/
474	SPIDer	Saccharomyces Protein-protein Interaction Database	http://cmb.bnu.edu.cn/SPIDer/index.html
475	InterPreTS	Interaction Prediction through Tertiary Structure	http://www.russelllab.org/cgi-bin/tools/interprets.pl
476	SPPS	Sequence-based Protein Partner Search	http://mdl.shsmu.edu.cn/SPPS/module/mainpage/mainpage.jsp
477	HINT	High-quality Interactomes	http://hint.yulab.org/
478	INstruct	a database of 3D protein interactome networks with structural resolution	http://instruct.yulab.org/
479	PRD	Protein-RNA Interaction Database	http://pri.hgc.jp/
48	SigPath	Signaling Pathway Information System	http://icb.med.cornell.edu/crt/SigPath/index.xml
480	SCOWLP	structural classification of protein binding reasons for atomic comparative analysis of protein interactions	http://projects.biotec.tu-dresden.de/scowlp/
481	MPI-LIT	The Microbial Protein Interaction Database	http://www.jcvi.org/mpidb/interaction.php?dbsource=MPI-LIT
482	P2TF	Predicted Prokaryotic Transcription Factors	http://www.p2tf.org/
483	DAPID	Domain Annotated Protein-protein Interaction Database	http://gemdock.life.nctu.edu.tw/dapid/
484	InterMitoBase	InterMitoBase	http://mcube.nju.edu.cn/cgi-bin/intermitobase/home.pl
489	HPD	Human Pathway Database	http://discern.uits.iu.edu:8340/HPD/
49	AARSDB	Aminoacyl-tRNA Synthetase Database	http://biobases.ibch.poznan.pl/aars/
490	IPAD	the Integrated Pathway Analysis Database for Systematic Enrichment Analysis	http://bioinfo.hsc.unt.edu/ipad/
491	SUBA4	The SUBcellular localization database for Arabidopsis proteins	http://suba.live
492	PPIRA	Protein-Protein Interactions between Ralstonia solanacearum and Arabidopsis thaliana	http://protein.cau.edu.cn/ppira/
495	COXPRESdb	Coexpressed Gene Database	http://coxpresdb.jp/
498	DRTF	Database of Rice Transcription Factors	http://drtf.cbi.pku.edu.cn/
499	rSNP Guide	rSNP Guide	http://wwwmgs.bionet.nsc.ru/mgs/systems/rsnp/
5	aMAZE	Protein Function and Biochemical Pathways Project	http://www.amaze.ulb.ac.be/
500	TrSDB	A Proteome Database of Transcription Factors	http://bioinf.uab.es/cgi-bin/trsdb/trsdb.pl
505	MIPS MPact	Protein Interaction and Complex Database	http://mips.helmholtz-muenchen.de/genre/proj/mpact
507	Gene3D	Gene3D	http://gene3d.biochem.ucl.ac.uk/
509	FLIGHT	FLIGHT	http://flight.icr.ac.uk/
510	FlyMine	FlyMine	http://www.flymine.org/
511	FlyReactome	FlyReactome: a curated knowledgebase of drosophila melanogaster pathways	http://fly.reactome.org/
512	FlyTF	The Drosophila Transcription Factor Database	http://www.flytf.org/
513	Nematode.net	Nematode.net	http://nematode.net/NN3_frontpage.cgi
515	SIMAP	The Similarity Matrix of Proteins	http://liferay.csb.univie.ac.at/portal/web/simap
516	ATDB	Animal Toxin Database	http://protchem.hunnu.edu.cn/toxin/index.jsp
517	DB-PABP	Database of Polyanion Binding Proteins	http://ppa.bcf.ku.edu/DB_PABP/
519	MitoProteome	Human Mitochondrial Protein Database	http://www.mitoproteome.org/
52	DBTBS	Database of Bacillus subtilis Promoters and Transcription Factors	http://dbtbs.hgc.jp/
520	GDR Cyc Pathways	Genome Database for Rosaceae Cyc Pathways	http://pathways.rosaceae.org/
522	AS-ALPS	Alternative Splicing - induced ALteration of Protein Structure	http://as-alps.nagahama-i-bio.ac.jp/
523	metaTIGER	metaTIGER: metabolic gene evolution resource	http://www.bioinformatics.leeds.ac.uk/metatiger/
524	Human Proteinpedia	Human Proteinpedia	http://www.humanproteinpedia.org/
525	RAPID	Resource of Asian Primary Immunodeficiency Diseases	http://web16.kazusa.or.jp/rapid/
526	AHD2.0	Arabidopsis Hormone Database 2.0	http://ahd.cbi.pku.edu.cn/
527	RiceGeneThresher	RiceGeneThresher: bioinformatics tool site for rice genes discovery	http://rice.kps.ku.ac.th/Site/
528	RegPrecise	RegPrecise: Collection of Manually Curated Inferences of Regulons in Prokaryotic Genomes	http://regprecise.lbl.gov/RegPrecise/
529	phiSITE	phiSITE: Database of Gene Regulation in Bacteriophages	http://www.phisite.org/main/
53	DPInteract	DNA-Protein Interactions Database	http://arep.med.harvard.edu/dpinteract/
530	GLAMM	Genome-Linked Application for Metabolic Maps	http://www.microbesonline.org/cgi-bin/glamm
531	PlnTFDB	Plant Transcription Factor Database	http://plntfdb.bio.uni-potsdam.de/v3.0/
532	FlyFactorSurvey	FlyFactorSurvey: Database of Drosophila TF DNA-Binding Specifities	http://mccb.umassmed.edu/ffs/
533	PRIDB	Protein-RNA Interface Database	http://pridb.gdcb.iastate.edu/
534	YPA	Yeast Promoter Atlas	http://ypa.csbb.ntu.edu.tw/index.html
535	ASD	Allosteric Database	http://mdl.shsmu.edu.cn/ASD/
536	CADgene	Coronary Artery Disease Gene Database	http://www.bioguo.org/CADgene/
538	DNAtraffic	DNAtraffic Database	http://dnatraffic.ibb.waw.pl/
539	SubtiPathways	SubtiPathways	http://subtiwiki.uni-goettingen.de/v3/pathway
540	BiologicalNetworks	BiologicalNetworks	http://biologicalnetworks.org/
541	FMM	From Metabolite to Metabolite	http://fmm.mbc.nctu.edu.tw/
542	PI2PE	Protein Interface/Interior Prediction Engine	http://pipe.scs.fsu.edu/
543	SynechoNET	SynechoNet: Integrated Protein-Protein Interaction Database of Synechocystis sp. PCC 6803	http://bioportal.kobic.re.kr/SynechoNET/
544	T2D-Db	T2D-Db: An Integrated Data Resource on Type 2 Diabetes	http://t2ddb.ibab.ac.in/home.shtml
545	Wiki-Pi	Wiki-Pi: a wiki resource centred on human protein-protein interactions	http://severus.dbmi.pitt.edu/wiki-pi/
546	CCSB Interactome Database	Center for Cancer Systems Biology Interactome Database	http://interactome.dfci.harvard.edu/
547	GenAge	GenAge: The Ageing Gene Database	http://genomics.senescence.info/genes/
548	MitoP2	Mitochondrial Proteome	http://www.mitop.de:8080/mitop2/
549	PICCOLO	PICCOLO	http://www-cryst.bioc.cam.ac.uk/~richard/piccolo/about.php
55	GeNet	Gene Networks Database	http://urchin.spbcas.ru/genet/genet.htm
550	PRIN	Predicted Rice Interactome Database	http://bis.zju.edu.cn/prin/
551	AraNet	AraNet: Probabilistic Functional Gene Network of Arabidopsis Thaliana	http://www.inetbio.org/aranet/
552	HomoMINT	Human Molecular Interaction Database	http://mint.bio.uniroma2.it/HomoMINT/Welcome.do
553	AtPIN	Arabidopsis thaliana Protein Interactome Network	https://atpin.bioinfoguy.net/cgi-bin/atpin.pl
554	DIPOS	Database of Interacting Proteins in Oryza Sativa	http://comp-sysbio.org/dipos/index.php
555	HCVpro	Hepatitus C Virus Protein Interaction Database	http://cbrc.kaust.edu.sa/hcvpro/
556	HIPPIE	Human Integrated Protein-Protein Interaction rEference	http://cbdm-01.zdv.uni-mainz.de/~mschaefer/hippie/
557	HPIDB	Host-Pathogen Interaction Database	http://agbase.msstate.edu/hpi/main.html
558	MitoInteractome	Mitochondrial Protein Interactome Database	http://mitointeractome.kobic.kr/
56	HIVMID	HIV Molecular Immunology Database	http://www.hiv.lanl.gov/content/immunology/
560	MppDB	Mouse Protein-Protein Interaction Database	http://bio.scu.edu.cn/mppi/
561	NCPI	Neurospora Crassa Protein Interactome Database	http://protein.cau.edu.cn/ncpi/
562	PutidaNET	PutidaNET	http://sequenceome.kobic.kr/PutidaNET/
563	Struct2Net	Structure-based Computational Predictions of Protein-Protein Interactions	http://cb.csail.mit.edu/cb/struct2net/webserver/
565	STIFDB	Stress Responsive Transcription Factor Database	http://caps.ncbs.res.in/stifdb2/
566	BESC BeoCyc	BioEnergy Science Center BeoCyc	http://cricket.ornl.gov/cgi-bin/beocyc_home.cgi
567	CathaCyc	CathaCyc: Metabolic Pathway Database of Catharanthus roseus	http://www.cathacyc.org/
568	PAGED	Pathway and Gene Enrichment Database	http://rdc02.uits.iu.edu:7777/pls/apex/f?p=119:1:4182498048544125
569	IMID	Integrated Molecular Interaction Database	http://ib.insilicom.com/
57	HoxPro	HOX Pro	http://www.iephb.nw.ru/labs/lab38/spirov/hox_pro/hox-pro00.html
570	IRView	IRView	http://ir.hgc.jp/
571	DroPNet	Drosophila Protein Network	https://dropnet.gred-clermont.fr/site/
572	AraPath	AraPath: a knowledgebase for pathway analysis in Arabidopsis	http://bioinformatics.sdstate.edu/arapath/
573	AtIPD	Arabidopsis thaliana Isoprenoid Pathway Database	http://www.atipd.ethz.ch/
574	ANAP	Arabidopsis Network Analysis Pipeline	http://114.80.116.140/Computational-Biology/ANAP/ANAP_V1.2/
575	IMP	Integrative Multi-species Prediction	http://imp.princeton.edu/
576	FPPI	Fussarium graminearum Protein-Protein Interaction Database	http://comp-sysbio.org/fppi/
577	hPDI	Human Protein-DNA Interactome	http://bioinfo.wilmer.jhu.edu/PDI/
578	RNApathwaysDB	RNA Pathways Database: a database of RNA maturation and decay	http://iimcb.genesilico.pl/rnapathwaysdb/
579	PhosphoNetworks	PhosphoNetworks	http://phosphonetworks.org/
58	InBase	The Intein Database	http://www.inteins.com/
580	TRRUST	Transcriptional Regulatory Relationships Unraveled by Sentence-based Text mining	http://www.grnpedia.org/trrust/
582	OmniPath	OmniPath	http://omnipathdb.org/
583	iPPI-DB	Inhibitors of Protein-Protein Interaction Database	http://www.ippidb.cdithem.fr/
585	TRANSPATH	TRANSPATH	http://genexplain.com/transpath/
586	Virus Mentha	The Viral Interactomes Browser	http://virusmentha.uniroma2.it/
587	Plant Reactome	Plant Reactome Pathway Database	http://plantreactome.gramene.org/
588	AgingChart	Aging Chart	https://www.agingchart.org/wiki/Main_Page
59	Indigo	Gene Neighborhoods and Codon Usage	http://indigo.genetique.uvsq.fr
590	CircNet	A Database of Circular RNAs	http://circnet.mbc.nctu.edu.tw/
592	Digital Development Database	Lineage Differentiation and Phenotypes in C. elegans	http://digital-development.org/
593	FLOR-ID	FLOweRing Interactive Database	http://www.phytosystems.ulg.ac.be/florid/
597	NBDB	Nucleotide Binding DataBase	http://nbdb.bii.a-star.edu.sg/
598	RBP-Var		http://www.rbp-var.biols.ac.cn/
6	WIT	What Is There?	http://wit.mcs.anl.gov/WIT2/
60	MDB	Metalloprotein Database	http://metallo.scripps.edu/
600	InsectBase	Integrated Genome and Transcriptome Resources for Insects	http://www.insect-genome.com/
602	SynLethDB	Synthetic Lethality Database	http://histone.sce.ntu.edu.sg/SynLethDB/
604	WITHDRAWN	A Resource for Withdrawn and Discontinuous Drugs	http://cheminfo.charite.de/withdrawn/
605	DGIdb	The Drug Gene Interaction Database	http://dgidb.genome.wustl.edu/
606	IID	Integrated Interactions Database	http://iid.ophid.utoronto.ca/iid/Search_By_Proteins/
607	KLIFS	Kinase-Ligand Interaction Fingerprints and Structures database	http://klifs.vu-compmedchem.nl/
609	MouseNetV2	Probabilistic Functional Gene Network for Laboratory Mouse, Mus musculus	http://www.inetbio.org/mousenet/
61	MEROPS	MEROPS Peptidase Database	http://merops.sanger.ac.uk/
610	PlantPAN	Plant Promoter Analysis Navigator	http://plantpan2.itps.ncku.edu.tw/
611	sRNATarBase	sRNA-Target Interactions in Bacteria	http://ccb1.bmi.ac.cn/srnatarbase/
614	comPPI	Compartmentalized Protein-Protein Interaction Database	http://comppi.linkgroup.hu/
616	lncRNASNP	A Database of Single Nucleotide Polymorphisms in long non-coding RNAs	http://bioinfo.life.hust.edu.cn/lncRNASNP/
618	PLATINUM	Protein-Ligand Affinity Change Upon Mutation Database	http://biosig.unimelb.edu.au/platinum/
619	PubAngioGen	Public AngioGenesis research portal	http://www.megabionet.org/aspd/
62	Predictome	Predictome	http://visant.bu.edu/
620	Trypanocyc	The Pathway/Genome Database of Trypanosoma brucei	http://www.metexplore.fr/trypanocyc/
622	dbSNO	database of Cysteine S-NitrOsylation	http://140.138.144.145/~dbSNO/
625	DPRP	A Database of Phenotype-Specific Regulatory Programs Derived From Transcription Factor Binding Data	http://syslab.nchu.edu.tw/DPRP/
626	CollecTF	A Database of Transcription Factor Binding Sites in the Bacteria Domain	http://collectf.umbc.edu/browse/home/
63	MPB	Metabolic Pathways of Biochemistry	http://www.gwu.edu/~mpb/
633	The Network Portal		http://networks.systemsbiology.net/
634	NeXO	The Network Extracted Ontology	http://nexontology.org/
635	OnTheFly	A Database of Drosophila melanogaster Transcription Factors and their Binding Sites	https://bhapp.c2b2.columbia.edu/OnTheFly/
637	RNA Bricks 2		http://iimcb.genesilico.pl/rnabricks2/
638	Sporeweb		http://sporeweb.molgenrug.nl/
639	Transformer	Metabolism of Xenobiotics Database	http://bioinformatics.charite.de/transformer/
64	MycoPathPD	Human Fungal Pathogens Proteome Database	https://portal.biobase-international.com/build_ghpywl/idb/1.0/html/bkldoc/source/bkl/proteome/proteome_mycopathpd_intro.html
641	KBDOCK	A Resource for Knowledge-Based Protein Docking	http://kbdock.loria.fr/
643	YeastNet	Probabilistic Functional Gene Network of Saccharomyces cerevisiae	http://www.inetbio.org/yeastnet/
646	ChIPBase		http://rna.sysu.edu.cn/chipbase/
647	BSRD	Bacterial Small Regulatory RNA Database	http://kwanlab.bio.cuhk.edu.hk/BSRD/
648	DGA	Disease and Gene Annotations	http://dga.nubic.northwestern.edu/pages/search.php
649	LncBase		http://carolina.imis.athena-innovation.gr/diana_tools/web/index.php?r=lncbasev2%2Findex
650	Enzyme Portal	EBI Enzyme Portal	http://www.ebi.ac.uk/enzymeportal/
652	KIDFamMap	Kinase-Inhibitor-Disease Family Map	http://gemdock.life.nctu.edu.tw/kidfammap/
653	LncRNADisease	The LncRNA and Disease Database	http://www.cuilab.cn/lncrnadisease
655	NetwoRx		http://ophid.utoronto.ca/networx/
657	SomamiR DB	Somatic mutations altering microRNA-ceRNA interactions	http://compbio.uthsc.edu/SomamiR/
659	SpliceAid-F	A Database of Human Splicing Factors and their Binding Sites	http://srv00.recas.ba.infn.it/SpliceAidF/
66	Pathcalling	Curagen Pathcalling	http://curatools.curagen.com/
660	Spliceosome Database		http://spliceosomedb.ucsc.edu/
663	ValidNESs	Validated NES-containing proteins, functional NES sites and NES predictions	http://validness.ym.edu.tw/
667	ANIA	ANnotation and Integrated Analysis of the 14-3-3 interactome	https://ania-1433.lifesci.dundee.ac.uk/prediction/webserver/index.py
668	MEMOSys	MEtabolic MOdel System	https://memosys.i-med.ac.at/MEMOSys/home.seam
669	LncRNA2Target	The lncRNA Target Gene Database	https://www.lncrna2target.org/
67	PIMRider	Protein Interaction Map - Hybrigenics	http://pim.hybrigenics.com/
670	YTRP	Yeast Transcriptional Regulatory Pathway Database	http://cosbi3.ee.ncku.edu.tw/YTRP/
671	SoyFN	Soybean Functional Network	http://118.178.236.158/SoyFN/
672	EpimiR	Curated Mutual Regulation between Epigenetic Modification and MiRNA	http://210.46.85.180:8080/EpimiR/
673	SysPTM	A Systematic Resource for Post-Translational Modification	http://lifecenter.sgst.cn/SysPTM/
674	PLIC	Protein-Ligand Interaction Clusters	http://proline.biochem.iisc.ernet.in/PLIC/
678	Mouse IDGenes	Gene interactions in the developing mouse brain	http://mouseidgenes.helmholtz-muenchen.de/MouseIDGenes/
679	miRIAD	intragenic microRNA database	http://bmi.ana.med.uni-muenchen.de/miriad/
68	PombePD	Schizosaccharomyces pombe Proteome Database	http://www.proteome.com/control/researchproducts/insilico/proteome/details
680	DEOP	Dragon Explorer of Osmoprotection Pathways	http://www.cbrc.kaust.edu.sa/deop/
681	VIRmiRNA	Resource for Experimental Viral miRNA and their Targets	http://crdd.osdd.net/servers/virmirna/
682	DCDB	Drug Combination Database	http://www.cls.zju.edu.cn/dcdb/
684	pathDIP	Pathway Data Integration Portal	http://ophid.utoronto.ca/pathdip/
685	POSTAR	a platform of POST-trAnscriptional Regulation	http://lulab.life.tsinghua.edu.cn/postar/
688	PoplarGene		http://bioinformatics.caf.ac.cn/PoplarGene/
689	EXPath	Comparative Expression Analysis Inferring Metabolic Pathways for Plants	http://expath.itps.ncku.edu.tw/
69	ProChart	ProChart database of signal transduction pathway information	http://www.cytogen.com/pipeline/index.php#axcell
690	RAID v2	RNA Association Interaction Database	http://www.rna-society.org/raid/
693	Fly-DPI	Drosophila melanogaster Database of Protein Interactomes	http://flydpi.nhri.org.tw/protein/fly/general_search/
694	PLI	Protein-Ligand Interaction	http://bioinformatics.hsanmartino.it/pli/
695	PolymiRTS DB	Polymorphism in microRNAs and their TargetSites	http://compbio.uthsc.edu/miRSNP/
697	mutLBSgeneDB	mutated Ligand Binding Site gene DataBase	https://bioinfo.uth.edu/mutLBSgeneDB/
698	kPath		http://browser.kpath.khaos.uma.es/
699	miRror-Suite	A Dual View on Sets of microRNAs and their Targets	http://www.mirrorsuite.cs.huji.ac.il/
70	ProNet	Protein-protein Interaction Database	http://www.myriad-pronet.com/
700	LncReg	database for LncRNA regulatory networks	http://bioinformatics.ustc.edu.cn/lncreg/
702	VHLdb	a database of pVHL interactions and mutations	http://vhldb.bio.unipd.it/
703	TFinDit	Transcription Factor-DNA Interaction Data Depository	http://bioinfozen.uncc.edu/tfindit/
704	AtPAN	Arabidopsis thaliana Promoter Analysis Net	http://atpan.itps.ncku.edu.tw/
705	ORTI	Open-access Repository of Transcriptional Interaction	http://orti.sydney.edu.au/
706	RegNetwork	Regulatory Network Repository	http://www.regnetworkweb.org/
707	CIDeR		http://mips.helmholtz-muenchen.de/cider
708	XTalkDB		http://www.xtalkdb.org/home
709	myGRN	my Genetic Regulatory Network	http://www.nottingham.ac.uk/~plzloose/mygrn/
71	HumanPSD	Human Proteome Survey Database	http://genexplain.com/humanpsd/
710	FlyOde		http://flyode.boun.edu.tr/
711	Metrabase	Metabolism and Transport Database	http://www-metrabase.ch.cam.ac.uk/
712	MYCbase	A Database of MYC	http://bicresources.jcbose.ac.in/ssaha4/mycbase/
713	Expresso	Exploring the Interaction of Transcription Factors and Their Target Genes in Plants using ChIP-Seq Data	http://bioinformatics.cs.vt.edu/expresso/
714	lncRInter	Database of long non-coding RNA interaction	http://bioinfo.life.hust.edu.cn/lncRInter/
716	MiasDB		http://47.88.84.236/Miasdb/
717	AcypiCyc	Acyrthosiphon pisum Metabolic Pathways	http://acypicyc.cycadsys.org/
718	ArthropodaCyc		http://arthropodacyc.cycadsys.org/
719	CoopTFD	Cooperative Transcription Factors Database	http://cosbi.ee.ncku.edu.tw/CoopTFD/
720	yApoptosis	yeast apoptosis database	http://www.ycelldeath.com/yapoptosis/
721	microPIR	microRNA-promoter interactions resource	http://www4a.biotec.or.th/micropir2/
722	CancerNet		http://bis.zju.edu.cn/CancerNet/
723	DDRprot	DNA Damage Response proteins database	http://valkyrie.us.es/lab219_ddr_web/Web/
724	NLDB	Natural Ligand Database	http://nldb.hgc.jp/nldb/top
725	PIMADb	Database of Protein-Protein Interactions in Macromolecular Assemblies	http://caps.ncbs.res.in/pimadb/
726	JET2 Viewer		http://www.jet2viewer.upmc.fr/jet2_viewer/report/
727	IntNetDB	Integrated Protein Interaction Network Database	http://hanlab.genetics.ac.cn/IntNetDB.htm
728	starBase		http://starbase.sysu.edu.cn/
729	PathCards	Pathway Unification Database	http://pathcards.genecards.org/
73	Relibase	Protein-ligand database query tool	http://relibase.ccdc.cam.ac.uk/account_utilities/login_form.php
730	LMPID	Linear Motif mediated Protein-Protein Interaction Database	http://bicresources.jcbose.ac.in/ssaha4/lmpid/
731	TeloPIN	Telomeric Proteins Interaction Network	http://songyanglab.sysu.edu.cn/telopin/
732	CBN	Causal Biological Networks Database	http://causalbionet.com/
733	AtmiRNET	Reconstructing regulatory networks of Arabidopsis thaliana miRNAs	http://atmirnet.itps.ncku.edu.tw/
734	GraP	Platform of Functional Genomics Analysis in Gossypium raimondii	http://structuralbiology.cau.edu.cn/GraP/
735	PCPPI	Penicillium-Crop Protein-Protein Interactions database	http://bdg.hfut.edu.cn/pcppi/
736	CottonGen	CottenCyc Pathways Database	http://pathways.cottongen.org/
737	UbiNet	a web resource for exploring Ubiquitination Networks	http://140.138.144.145/~ubinet/
738	Abasy Atlas	Across-bacteria systems Atlas	http://abasy.ccg.unam.mx/
739	HIV Proteome	HIV Proteome	http://www.bioafrica.net/proteomics/HIVproteome.html
74	SPIN-PP	Surface Properties of Interfaces - Protein-Protein Interfaces	http://trantor.bioc.columbia.edu/cgi-bin/SPIN/
740	ACSN	Atlas of Cancer Signalling Network	https://acsn.curie.fr/
741	HRGRN	HRGRN	http://plantgrn.noble.org/hrgrn/
742	PTIR	Predicted Tomato Interactome Resource	http://bdg.hfut.edu.cn/ptir/
743	CornCyc	CornCyc	http://corncyc_b73_v4.maizegdb.org/
744	IIIDB	Isoform-Isoform Interaction Database	http://syslab.nchu.edu.tw/IIIDB/
745	E3Net		http://pnet.kaist.ac.kr/e3net/
746	canEvolve		http://www.canevolve.org/AnalysisResults/AnalysisResults.html
747	DC Pathway	Dendritic Cell Signaling Pathway Map	http://slapp04.mssm.edu/primeportalpages/DC_signaling_pathway_map/DC_signaling_pathway_map_index.html
748	Wnt Database	The Wnt Database	http://web.stanford.edu/group/nusselab/cgi-bin/wnt/
749	NDEx Public Server	The Network Data Exchange Public Server	http://www.ndexbio.org/#/
75	STKE	Signal Transduction Knowledge Environment	http://stke.sciencemag.org/about/help/cm
750	NRF2ome	Integrated regulatory network of Nuclear Factor (erythroid-derived 2)-like 2 (NRF2)	http://nrf2.elte.hu/
751	BioPlex	Biophysical Interactions of ORFeome-based Complexes	http://bioplex.hms.harvard.edu/
752	ARN	Adipogenesis Regulation Network	http://210.27.80.93/arn/
753	AlzPathway	A Comprehensive Map of Signaling Pathways of Alzheimer's Disease	http://alzpathway.org/AlzPathway.html
754	ARN	The Autophagy Regulatory Network	http://autophagy-regulation.org/
755	HuRI	The Human Reference Protein Interactome Mapping Project	http://interactome.baderlab.org/
756	SignaFish		http://signafish.org/
757	PseudoCyc	A Database of Metabolic Pathways in Pseudomonas aeruginosa PAO1	http://www.pseudomonas.com:1555/
758	Macrophages.com	The Macrophage Community Website	http://www.macrophages.com/
759	CMAP	Complement Map Database	http://www.complement.us/labweb/cmap/
76	WormPD	Caenorhabditis elegans Proteome Database	https://portal.biobase-international.com/build_ghpywl/idb/1.0/html/bkldoc/source/bkl/proteome/proteome_wormpd_intro.html
760	HDNetDB	Huntington's Disease Network DataBase	http://hdnetdb.sysbiolab.eu/
761	ATRM	Arabidopsis Transcriptional Regulatory Map	http://atrm.cbi.pku.edu.cn/
762	Colorectal Cancer Atlas		http://colonatlas.org/
763	PCOSKB	PolyCystic Ovary Syndrome KnowledgeBase	http://pcoskb.bicnirrh.res.in/
764	MetaNetX	Automated Model Construction and Genome Annotation for Large-Scale Metabolic Networks	http://www.metanetx.org/
765	ViRBase	Virus-Host ncRNA Interaction Database	http://www.rna-society.org/virbase/
766	HoPaCI-db	Host-Pseudomonas and Coxiella Interaction DataBase	http://mips.helmholtz-muenchen.de/HoPaCI/
767	mVOC	Microbial Volatile Organic Compound Database	http://bioinformatics.charite.de/mvoc/
769	PPISearch	Protein-Protein Interaction Search	http://140.113.15.76/ppisearch/
77	YPD	Yeast Proteome Database	http://www.proteome.com/control/researchproducts/insilico/proteome/details
770	HumanMine		http://www.humanmine.org/humanmine/begin.do
771	Pickle	Protein InteraCtion KnowLedgebasE	http://www.pickle.gr/
772	Tabloid Proteome	Tabloid Proteome	http://iomics.ugent.be/tabloidproteome
773	dreamBase	dreamBase	http://rna.sysu.edu.cn/dreamBase
774	CirGRDB	Circadian gene and regulators database	http://cirgrdb.biols.ac.cn/
775	PRODORIC2	DNA binding sites for prokaryotic transcription factors	http://www.prodoric2.de/
78	ASEdb	Alanine Scanning Energetics Database	http://nic.ucsf.edu/asedb/
79	BBID	Biological Biochemical Image Database	http://bbid.grc.nia.nih.gov/
80	BMPH	Boehringer Mannheim Biochemical Pathways Wall Chart	http://web.expasy.org/pathways/
81	COPE	Cytokines and Cells Online Pathfinder Encyclopedia	http://www.cells-talk.com/
82	PhosphoSite	Cell Signaling Technology's PhosphoSite Database	http://www.phosphosite.org/homeAction.action
83	NetBiochem	Medical Biochemistry Resource	http://library.med.utah.edu/NetBiochem/NetWelco.htm
84	SPAD	Signaling Pathway Database	http://www.grt.kyushu-u.ac.jp/spad/
85	ASPD	Artificial Selected Proteins/Peptides Database	http://wwwmgs.bionet.nsc.ru/mgs/gnw/aspd/
86	TGDB	Tumor Gene Database	http://www.tumor-gene.org/tgdf.html
89	CellML Repository	CellML Model Repository	http://models.cellml.org/cellml
91	SBML Model Repository	SBML Model Repository	http://sbml.org/models/
94	AllFuse	Functional Associations of Proteins in Complete Genomes	http://cgg.ebi.ac.uk/services/allfuse/
95	PPIV (FANTOM)	RIKEN FANTOM Protein Protein Interaction Viewer	http://fantom21.gsc.riken.go.jp/PPI/
96	MPMP	Malaria Parasite Metabolic Pathways	http://mpmp.huji.ac.il/
97	BID	Binding Interface Database	http://tsailab.chem.pacific.edu/wikiBID/index.php/Main_Page
98	JASPAR	JASPAR Transcription Factor Binding Profile Database	http://jaspar.genereg.net
99	MedGene	MedGene	http://medgene.med.harvard.edu/MEDGENE/
